-- MySQL dump 10.13  Distrib 8.0.42, for Win64 (x86_64)
--
-- Host: localhost    Database: proyecto_end
-- ------------------------------------------------------
-- Server version	9.3.0

/*!40101 SET @OLD_CHARACTER_SET_CLIENT=@@CHARACTER_SET_CLIENT */;
/*!40101 SET @OLD_CHARACTER_SET_RESULTS=@@CHARACTER_SET_RESULTS */;
/*!40101 SET @OLD_COLLATION_CONNECTION=@@COLLATION_CONNECTION */;
/*!50503 SET NAMES utf8 */;
/*!40103 SET @OLD_TIME_ZONE=@@TIME_ZONE */;
/*!40103 SET TIME_ZONE='+00:00' */;
/*!40014 SET @OLD_UNIQUE_CHECKS=@@UNIQUE_CHECKS, UNIQUE_CHECKS=0 */;
/*!40014 SET @OLD_FOREIGN_KEY_CHECKS=@@FOREIGN_KEY_CHECKS, FOREIGN_KEY_CHECKS=0 */;
/*!40101 SET @OLD_SQL_MODE=@@SQL_MODE, SQL_MODE='NO_AUTO_VALUE_ON_ZERO' */;
/*!40111 SET @OLD_SQL_NOTES=@@SQL_NOTES, SQL_NOTES=0 */;

--
-- Table structure for table `addresses`
--

DROP TABLE IF EXISTS `addresses`;
/*!40101 SET @saved_cs_client     = @@character_set_client */;
/*!50503 SET character_set_client = utf8mb4 */;
CREATE TABLE `addresses` (
  `id` bigint NOT NULL AUTO_INCREMENT,
  `user_id` bigint NOT NULL,
  `city_id` int DEFAULT NULL,
  `street` varchar(255) CHARACTER SET utf8mb4 COLLATE utf8mb4_unicode_ci NOT NULL,
  `complement` varchar(255) CHARACTER SET utf8mb4 COLLATE utf8mb4_unicode_ci DEFAULT NULL,
  `label` varchar(60) CHARACTER SET utf8mb4 COLLATE utf8mb4_unicode_ci DEFAULT NULL,
  `is_default` tinyint(1) NOT NULL DEFAULT '0',
  `created_at` datetime NOT NULL DEFAULT CURRENT_TIMESTAMP,
  `updated_at` datetime NOT NULL DEFAULT CURRENT_TIMESTAMP ON UPDATE CURRENT_TIMESTAMP,
  PRIMARY KEY (`id`),
  KEY `idx_addresses_user` (`user_id`),
  KEY `idx_addresses_city` (`city_id`),
  CONSTRAINT `fk_addresses_city` FOREIGN KEY (`city_id`) REFERENCES `cities` (`id`) ON DELETE SET NULL ON UPDATE CASCADE,
  CONSTRAINT `fk_addresses_user` FOREIGN KEY (`user_id`) REFERENCES `users` (`id`) ON DELETE CASCADE ON UPDATE CASCADE
) ENGINE=InnoDB AUTO_INCREMENT=211 DEFAULT CHARSET=utf8mb4 COLLATE=utf8mb4_unicode_ci;
/*!40101 SET character_set_client = @saved_cs_client */;

--
-- Dumping data for table `addresses`
--

LOCK TABLES `addresses` WRITE;
/*!40000 ALTER TABLE `addresses` DISABLE KEYS */;
INSERT INTO `addresses` VALUES (1,2,17,'Calle 23 # 48-24','Apartamento 3','Principal',1,'2025-10-16 17:02:50','2025-10-16 17:02:50'),(2,4,7,'Calle 31 # 46-59','Barrio San Pedro','Secundaria',1,'2025-10-16 17:02:50','2025-10-16 17:02:50'),(3,5,18,'Calle 189 # 52-59','Local','Principal',1,'2025-10-16 17:02:50','2025-10-16 17:02:50'),(4,6,2,'Calle 93 # 16-17','Barrio San José','Casa',1,'2025-10-16 17:02:50','2025-10-16 17:02:50'),(5,7,20,'Calle 37 # 29-26','Casa','Secundaria',1,'2025-10-16 17:02:50','2025-10-16 17:02:50'),(6,10,22,'Calle 28 # 10-39','Local','Casa',0,'2025-10-16 17:02:50','2025-10-16 17:02:50'),(7,11,19,'Calle 183 # 48-65','Barrio San María','Principal',1,'2025-10-16 17:02:50','2025-10-16 17:02:50'),(8,12,28,'Calle 133 # 76-51','Local','Secundaria',1,'2025-10-16 17:02:50','2025-10-16 17:02:50'),(9,13,14,'Calle 165 # 70-31','Casa','Trabajo',1,'2025-10-16 17:02:50','2025-10-16 17:02:50'),(10,14,4,'Calle 173 # 50-79','Apartamento 11','Secundaria',0,'2025-10-16 17:02:50','2025-10-16 17:02:50'),(11,15,21,'Calle 72 # 28-44','Casa','Principal',0,'2025-10-16 17:02:50','2025-10-16 17:02:50'),(12,17,23,'Calle 18 # 1-71','Barrio San Juan','Secundaria',0,'2025-10-16 17:02:50','2025-10-16 17:02:50'),(13,18,28,'Calle 126 # 12-18','Barrio San María','Trabajo',1,'2025-10-16 17:02:50','2025-10-16 17:02:50'),(14,20,4,'Calle 42 # 2-72','Apartamento 17','Secundaria',1,'2025-10-16 17:02:50','2025-10-16 17:02:50'),(15,21,19,'Calle 20 # 64-68','Apartamento 40','Trabajo',0,'2025-10-16 17:02:50','2025-10-16 17:02:50'),(16,23,9,'Calle 101 # 18-17','Barrio San Pedro','Secundaria',1,'2025-10-16 17:02:50','2025-10-16 17:02:50'),(17,26,24,'Calle 31 # 37-10','Apartamento 31','Casa',0,'2025-10-16 17:02:50','2025-10-16 17:02:50'),(18,28,3,'Calle 48 # 2-15','Barrio San Juan','Trabajo',1,'2025-10-16 17:02:50','2025-10-16 17:02:50'),(19,29,30,'Calle 150 # 44-2','Local','Casa',1,'2025-10-16 17:02:50','2025-10-16 17:02:50'),(20,31,30,'Calle 113 # 53-27','Barrio San María','Principal',1,'2025-10-16 17:02:50','2025-10-16 17:02:50'),(21,33,14,'Calle 173 # 77-65','Local','Principal',1,'2025-10-16 17:02:50','2025-10-16 17:02:50'),(22,34,31,'Calle 60 # 62-51','Barrio San Pedro','Casa',1,'2025-10-16 17:02:50','2025-10-16 17:02:50'),(23,36,30,'Calle 127 # 73-27','Apartamento 14','Casa',1,'2025-10-16 17:02:50','2025-10-16 17:02:50'),(24,37,29,'Calle 64 # 58-6','Apartamento 34','Trabajo',1,'2025-10-16 17:02:50','2025-10-16 17:02:50'),(25,39,32,'Calle 177 # 51-7','Apartamento 22','Casa',0,'2025-10-16 17:02:50','2025-10-16 17:02:50'),(26,40,21,'Calle 109 # 8-75','Barrio San José','Casa',1,'2025-10-16 17:02:50','2025-10-16 17:02:50'),(27,42,26,'Calle 129 # 20-17','Casa','Principal',1,'2025-10-16 17:02:50','2025-10-16 17:02:50'),(28,43,4,'Calle 163 # 13-49','Local','Secundaria',0,'2025-10-16 17:02:50','2025-10-16 17:02:50'),(29,45,16,'Calle 35 # 22-79','Local','Principal',1,'2025-10-16 17:02:50','2025-10-16 17:02:50'),(30,46,9,'Calle 31 # 58-65','Barrio San Juan','Casa',1,'2025-10-16 17:02:50','2025-10-16 17:02:50'),(31,48,8,'Calle 61 # 76-43','Barrio San María','Trabajo',0,'2025-10-16 17:02:50','2025-10-16 17:02:50'),(32,49,15,'Calle 44 # 8-75','Apartamento 20','Principal',1,'2025-10-16 17:02:50','2025-10-16 17:02:50'),(33,50,30,'Calle 129 # 4-11','Barrio San Pedro','Trabajo',1,'2025-10-16 17:02:50','2025-10-16 17:02:50'),(34,51,22,'Calle 122 # 15-66','Barrio San María','Secundaria',0,'2025-10-16 17:02:50','2025-10-16 17:02:50'),(35,52,30,'Calle 139 # 6-53','Apartamento 49','Casa',0,'2025-10-16 17:02:50','2025-10-16 17:02:50'),(36,53,29,'Calle 74 # 58-62','Local','Casa',1,'2025-10-16 17:02:50','2025-10-16 17:02:50'),(37,55,23,'Calle 31 # 17-42','Barrio San Pedro','Casa',1,'2025-10-16 17:02:50','2025-10-16 17:02:50'),(38,56,8,'Calle 58 # 53-57','Casa','Casa',0,'2025-10-16 17:02:50','2025-10-16 17:02:50'),(39,58,9,'Calle 15 # 66-75','Apartamento 19','Trabajo',1,'2025-10-16 17:02:50','2025-10-16 17:02:50'),(40,59,15,'Calle 97 # 65-53','Barrio San Juan','Principal',1,'2025-10-16 17:02:50','2025-10-16 17:02:50'),(41,60,19,'Calle 90 # 55-68','Local','Principal',1,'2025-10-16 17:02:50','2025-10-16 17:02:50'),(42,61,14,'Calle 35 # 12-27','Local','Principal',0,'2025-10-16 17:02:50','2025-10-16 17:02:50'),(43,62,26,'Calle 161 # 61-40','Local','Secundaria',0,'2025-10-16 17:02:50','2025-10-16 17:02:50'),(44,63,2,'Calle 60 # 13-65','Casa','Secundaria',1,'2025-10-16 17:02:50','2025-10-16 17:02:50'),(45,64,23,'Calle 160 # 31-13','Casa','Principal',1,'2025-10-16 17:02:50','2025-10-16 17:02:50'),(46,65,33,'Calle 170 # 59-62','Barrio San José','Trabajo',1,'2025-10-16 17:02:50','2025-10-16 17:02:50'),(47,68,7,'Calle 30 # 33-41','Barrio San Juan','Trabajo',0,'2025-10-16 17:02:50','2025-10-16 17:02:50'),(48,69,9,'Calle 144 # 11-50','Barrio San María','Principal',1,'2025-10-16 17:02:50','2025-10-16 17:02:50'),(49,70,31,'Calle 184 # 56-77','Casa','Secundaria',0,'2025-10-16 17:02:50','2025-10-16 17:02:50'),(50,71,31,'Calle 99 # 43-51','Local','Principal',1,'2025-10-16 17:02:50','2025-10-16 17:02:50'),(51,73,5,'Calle 93 # 7-68','Barrio San Juan','Trabajo',1,'2025-10-16 17:02:50','2025-10-16 17:02:50'),(52,74,11,'Calle 5 # 43-65','Barrio San Juan','Principal',0,'2025-10-16 17:02:50','2025-10-16 17:02:50'),(53,75,32,'Calle 177 # 47-69','Casa','Casa',1,'2025-10-16 17:02:50','2025-10-16 17:02:50'),(54,76,13,'Calle 182 # 21-44','Casa','Casa',1,'2025-10-16 17:02:50','2025-10-16 17:02:50'),(55,77,14,'Calle 118 # 55-61','Barrio San María','Secundaria',0,'2025-10-16 17:02:50','2025-10-16 17:02:50'),(56,79,23,'Calle 67 # 51-50','Apartamento 37','Principal',0,'2025-10-16 17:02:50','2025-10-16 17:02:50'),(57,81,7,'Calle 155 # 16-33','Local','Trabajo',1,'2025-10-16 17:02:50','2025-10-16 17:02:50'),(58,82,11,'Calle 32 # 41-34','Apartamento 36','Casa',1,'2025-10-16 17:02:50','2025-10-16 17:02:50'),(59,83,10,'Calle 91 # 71-74','Casa','Trabajo',1,'2025-10-16 17:02:50','2025-10-16 17:02:50'),(60,84,20,'Calle 193 # 57-50','Local','Principal',1,'2025-10-16 17:02:50','2025-10-16 17:02:50'),(61,89,11,'Calle 122 # 6-3','Local','Casa',0,'2025-10-16 17:02:50','2025-10-16 17:02:50'),(62,90,19,'Calle 199 # 1-60','Apartamento 32','Casa',1,'2025-10-16 17:02:50','2025-10-16 17:02:50'),(63,91,19,'Calle 186 # 6-64','Apartamento 25','Trabajo',1,'2025-10-16 17:02:50','2025-10-16 17:02:50'),(64,93,11,'Calle 37 # 67-26','Casa','Trabajo',0,'2025-10-16 17:02:50','2025-10-16 17:02:50'),(65,95,1,'Calle 81 # 16-24','Apartamento 4','Casa',1,'2025-10-16 17:02:50','2025-10-16 17:02:50'),(66,97,32,'Calle 146 # 62-50','Apartamento 44','Principal',1,'2025-10-16 17:02:50','2025-10-16 17:02:50'),(67,98,31,'Calle 194 # 6-62','Casa','Principal',1,'2025-10-16 17:02:50','2025-10-16 17:02:50'),(68,100,10,'Calle 78 # 67-52','Apartamento 48','Principal',1,'2025-10-16 17:02:50','2025-10-16 17:02:50'),(69,101,20,'Calle 28 # 76-53','Apartamento 28','Casa',1,'2025-10-16 17:02:50','2025-10-16 17:02:50'),(70,102,23,'Calle 66 # 47-78','Barrio San Juan','Trabajo',1,'2025-10-16 17:02:50','2025-10-16 17:02:50'),(71,103,26,'Calle 28 # 2-76','Local','Secundaria',1,'2025-10-16 17:02:50','2025-10-16 17:02:50'),(72,105,1,'Calle 63 # 34-73','Local','Trabajo',1,'2025-10-16 17:02:50','2025-10-16 17:02:50'),(73,106,18,'Calle 72 # 60-38','Casa','Principal',0,'2025-10-16 17:02:50','2025-10-16 17:02:50'),(74,107,15,'Calle 73 # 75-35','Barrio San Pedro','Principal',1,'2025-10-16 17:02:50','2025-10-16 17:02:50'),(75,108,16,'Calle 130 # 1-19','Barrio San Juan','Trabajo',0,'2025-10-16 17:02:50','2025-10-16 17:02:50'),(76,110,18,'Calle 116 # 53-27','Apartamento 12','Trabajo',1,'2025-10-16 17:02:50','2025-10-16 17:02:50'),(77,111,22,'Calle 117 # 52-26','Barrio San José','Trabajo',1,'2025-10-16 17:02:50','2025-10-16 17:02:50'),(78,112,6,'Calle 143 # 38-39','Local','Trabajo',1,'2025-10-16 17:02:50','2025-10-16 17:02:50'),(79,113,2,'Calle 20 # 7-51','Local','Principal',0,'2025-10-16 17:02:50','2025-10-16 17:02:50'),(80,116,17,'Calle 181 # 17-74','Apartamento 47','Casa',1,'2025-10-16 17:02:50','2025-10-16 17:02:50'),(81,118,6,'Calle 55 # 34-65','Local','Secundaria',0,'2025-10-16 17:02:50','2025-10-16 17:02:50'),(82,119,19,'Calle 35 # 46-62','Local','Secundaria',1,'2025-10-16 17:02:50','2025-10-16 17:02:50'),(83,120,30,'Calle 17 # 5-60','Barrio San José','Principal',0,'2025-10-16 17:02:50','2025-10-16 17:02:50'),(84,121,5,'Calle 67 # 62-53','Apartamento 10','Trabajo',0,'2025-10-16 17:02:50','2025-10-16 17:02:50'),(85,122,20,'Calle 54 # 61-37','Apartamento 20','Casa',1,'2025-10-16 17:02:50','2025-10-16 17:02:50'),(86,123,2,'Calle 131 # 7-2','Casa','Trabajo',1,'2025-10-16 17:02:50','2025-10-16 17:02:50'),(87,124,7,'Calle 148 # 5-5','Apartamento 13','Secundaria',0,'2025-10-16 17:02:50','2025-10-16 17:02:50'),(88,128,28,'Calle 196 # 13-24','Apartamento 34','Principal',0,'2025-10-16 17:02:50','2025-10-16 17:02:50'),(89,129,11,'Calle 131 # 33-29','Local','Trabajo',0,'2025-10-16 17:02:50','2025-10-16 17:02:50'),(90,130,7,'Calle 172 # 56-6','Apartamento 42','Casa',0,'2025-10-16 17:02:50','2025-10-16 17:02:50'),(91,131,9,'Calle 129 # 11-48','Barrio San José','Trabajo',1,'2025-10-16 17:02:50','2025-10-16 17:02:50'),(92,132,8,'Calle 26 # 71-64','Barrio San José','Secundaria',0,'2025-10-16 17:02:50','2025-10-16 17:02:50'),(93,134,29,'Calle 77 # 67-65','Barrio San José','Principal',1,'2025-10-16 17:02:50','2025-10-16 17:02:50'),(94,135,19,'Calle 55 # 55-17','Casa','Casa',1,'2025-10-16 17:02:50','2025-10-16 17:02:50'),(95,136,28,'Calle 63 # 35-39','Casa','Secundaria',1,'2025-10-16 17:02:50','2025-10-16 17:02:50'),(96,139,1,'Calle 117 # 75-2','Barrio San Juan','Trabajo',0,'2025-10-16 17:02:50','2025-10-16 17:02:50'),(97,140,17,'Calle 161 # 44-17','Local','Secundaria',1,'2025-10-16 17:02:50','2025-10-16 17:02:50'),(98,142,32,'Calle 181 # 26-7','Casa','Casa',1,'2025-10-16 17:02:50','2025-10-16 17:02:50'),(99,144,21,'Calle 72 # 44-53','Local','Secundaria',1,'2025-10-16 17:02:50','2025-10-16 17:02:50'),(100,145,30,'Calle 161 # 41-72','Casa','Secundaria',1,'2025-10-16 17:02:50','2025-10-16 17:02:50'),(101,146,4,'Calle 137 # 50-20','Casa','Trabajo',0,'2025-10-16 17:02:50','2025-10-16 17:02:50'),(102,147,16,'Calle 153 # 49-78','Local','Trabajo',1,'2025-10-16 17:02:50','2025-10-16 17:02:50'),(103,148,8,'Calle 5 # 12-35','Apartamento 38','Trabajo',0,'2025-10-16 17:02:50','2025-10-16 17:02:50'),(104,150,15,'Calle 18 # 24-12','Local','Principal',1,'2025-10-16 17:02:50','2025-10-16 17:02:50'),(105,151,6,'Calle 163 # 79-30','Local','Secundaria',0,'2025-10-16 17:02:50','2025-10-16 17:02:50'),(106,152,5,'Calle 139 # 15-9','Casa','Principal',1,'2025-10-16 17:02:50','2025-10-16 17:02:50'),(107,153,14,'Calle 189 # 26-50','Local','Secundaria',1,'2025-10-16 17:02:50','2025-10-16 17:02:50'),(108,156,5,'Calle 161 # 22-43','Barrio San José','Principal',1,'2025-10-16 17:02:50','2025-10-16 17:02:50'),(109,157,33,'Calle 182 # 72-74','Casa','Trabajo',0,'2025-10-16 17:02:50','2025-10-16 17:02:50'),(110,159,29,'Calle 102 # 24-43','Casa','Trabajo',1,'2025-10-16 17:02:50','2025-10-16 17:02:50'),(111,160,22,'Calle 80 # 30-80','Apartamento 42','Principal',1,'2025-10-16 17:02:50','2025-10-16 17:02:50'),(112,161,19,'Calle 42 # 53-13','Apartamento 4','Trabajo',0,'2025-10-16 17:02:50','2025-10-16 17:02:50'),(113,162,22,'Calle 58 # 2-59','Barrio San José','Secundaria',0,'2025-10-16 17:02:50','2025-10-16 17:02:50'),(114,163,19,'Calle 116 # 47-61','Barrio San Juan','Secundaria',0,'2025-10-16 17:02:50','2025-10-16 17:02:50'),(115,164,31,'Calle 25 # 64-48','Local','Principal',0,'2025-10-16 17:02:50','2025-10-16 17:02:50'),(116,165,20,'Calle 130 # 30-41','Apartamento 4','Casa',0,'2025-10-16 17:02:50','2025-10-16 17:02:50'),(117,166,32,'Calle 9 # 45-46','Barrio San Juan','Secundaria',1,'2025-10-16 17:02:50','2025-10-16 17:02:50'),(118,168,15,'Calle 157 # 19-11','Apartamento 1','Principal',1,'2025-10-16 17:02:50','2025-10-16 17:02:50'),(119,169,24,'Calle 11 # 23-70','Casa','Trabajo',1,'2025-10-16 17:02:50','2025-10-16 17:02:50'),(120,170,5,'Calle 66 # 48-12','Barrio San Pedro','Secundaria',0,'2025-10-16 17:02:50','2025-10-16 17:02:50'),(121,171,5,'Calle 155 # 68-44','Local','Principal',1,'2025-10-16 17:02:50','2025-10-16 17:02:50'),(122,172,30,'Calle 140 # 64-46','Apartamento 3','Secundaria',0,'2025-10-16 17:02:50','2025-10-16 17:02:50'),(123,175,27,'Calle 199 # 18-54','Barrio San Pedro','Casa',0,'2025-10-16 17:02:50','2025-10-16 17:02:50'),(124,176,8,'Calle 61 # 41-10','Local','Trabajo',0,'2025-10-16 17:02:50','2025-10-16 17:02:50'),(125,177,17,'Calle 184 # 26-27','Barrio San María','Casa',0,'2025-10-16 17:02:50','2025-10-16 17:02:50'),(126,179,26,'Calle 50 # 35-26','Local','Secundaria',1,'2025-10-16 17:02:50','2025-10-16 17:02:50'),(127,180,13,'Calle 168 # 70-67','Barrio San Juan','Principal',1,'2025-10-16 17:02:50','2025-10-16 17:02:50'),(128,181,17,'Calle 176 # 73-33','Barrio San Pedro','Casa',0,'2025-10-16 17:02:50','2025-10-16 17:02:50'),(129,183,32,'Calle 127 # 29-41','Barrio San José','Secundaria',0,'2025-10-16 17:02:50','2025-10-16 17:02:50'),(130,184,34,'Calle 17 # 27-16','Local','Casa',1,'2025-10-16 17:02:50','2025-10-16 17:02:50'),(131,185,23,'Calle 159 # 66-70','Local','Principal',0,'2025-10-16 17:02:50','2025-10-16 17:02:50'),(132,187,10,'Calle 117 # 10-29','Barrio San José','Principal',1,'2025-10-16 17:02:50','2025-10-16 17:02:50'),(133,188,18,'Calle 70 # 8-24','Casa','Casa',0,'2025-10-16 17:02:50','2025-10-16 17:02:50'),(134,189,15,'Calle 136 # 3-11','Apartamento 34','Secundaria',1,'2025-10-16 17:02:50','2025-10-16 17:02:50'),(135,190,30,'Calle 168 # 4-50','Barrio San José','Secundaria',0,'2025-10-16 17:02:50','2025-10-16 17:02:50'),(136,191,8,'Calle 195 # 34-41','Local','Secundaria',1,'2025-10-16 17:02:50','2025-10-16 17:02:50'),(137,192,2,'Calle 45 # 59-54','Casa','Principal',0,'2025-10-16 17:02:50','2025-10-16 17:02:50'),(138,194,25,'Calle 184 # 16-26','Local','Principal',0,'2025-10-16 17:02:50','2025-10-16 17:02:50'),(139,196,9,'Calle 34 # 43-60','Casa','Principal',1,'2025-10-16 17:02:50','2025-10-16 17:02:50'),(140,197,6,'Calle 67 # 34-27','Apartamento 7','Trabajo',0,'2025-10-16 17:02:50','2025-10-16 17:02:50'),(141,198,16,'Calle 14 # 64-55','Local','Casa',1,'2025-10-16 17:02:50','2025-10-16 17:02:50'),(142,199,26,'Calle 121 # 31-52','Apartamento 43','Trabajo',1,'2025-10-16 17:02:50','2025-10-16 17:02:50'),(143,200,1,'Calle 151 # 75-63','Casa','Trabajo',1,'2025-10-16 17:02:50','2025-10-16 17:02:50'),(144,201,4,'Calle 95 # 27-39','Barrio San Juan','Trabajo',1,'2025-10-16 17:02:50','2025-10-16 17:02:50'),(145,202,17,'Calle 21 # 72-68','Barrio San María','Principal',1,'2025-10-16 17:02:50','2025-10-16 17:02:50'),(146,203,4,'Calle 174 # 38-28','Barrio San María','Principal',0,'2025-10-16 17:02:50','2025-10-16 17:02:50'),(147,206,1,'Calle 131 # 55-52','Casa','Principal',0,'2025-10-16 17:02:50','2025-10-16 17:02:50'),(148,207,3,'Calle 187 # 5-34','Local','Casa',1,'2025-10-16 17:02:50','2025-10-16 17:02:50'),(149,210,6,'Calle 102 # 4-55','Local','Principal',0,'2025-10-16 17:02:50','2025-10-16 17:02:50'),(150,212,31,'Calle 77 # 23-8','Casa','Secundaria',1,'2025-10-16 17:02:50','2025-10-16 17:02:50'),(151,213,31,'Calle 30 # 57-67','Apartamento 25','Trabajo',1,'2025-10-16 17:02:50','2025-10-16 17:02:50'),(152,214,7,'Calle 139 # 30-14','Apartamento 38','Casa',1,'2025-10-16 17:02:50','2025-10-16 17:02:50'),(153,215,20,'Calle 37 # 13-66','Apartamento 44','Trabajo',1,'2025-10-16 17:02:50','2025-10-16 17:02:50'),(154,216,16,'Calle 139 # 19-37','Casa','Casa',1,'2025-10-16 17:02:50','2025-10-16 17:02:50'),(155,217,5,'Calle 197 # 32-26','Barrio San José','Principal',1,'2025-10-16 17:02:50','2025-10-16 17:02:50'),(156,218,26,'Calle 170 # 19-17','Apartamento 24','Casa',0,'2025-10-16 17:02:50','2025-10-16 17:02:50'),(157,219,17,'Calle 125 # 65-65','Local','Principal',1,'2025-10-16 17:02:50','2025-10-16 17:02:50'),(158,220,25,'Calle 99 # 63-55','Apartamento 19','Casa',0,'2025-10-16 17:02:50','2025-10-16 17:02:50'),(159,222,34,'Calle 24 # 63-69','Casa','Trabajo',0,'2025-10-16 17:02:50','2025-10-16 17:02:50'),(160,224,31,'Calle 184 # 52-31','Barrio San Pedro','Trabajo',1,'2025-10-16 17:02:50','2025-10-16 17:02:50'),(161,226,11,'Calle 127 # 34-75','Barrio San Juan','Secundaria',0,'2025-10-16 17:02:50','2025-10-16 17:02:50'),(162,227,6,'Calle 198 # 44-55','Local','Casa',1,'2025-10-16 17:02:50','2025-10-16 17:02:50'),(163,228,15,'Calle 197 # 50-74','Casa','Casa',0,'2025-10-16 17:02:50','2025-10-16 17:02:50'),(164,230,25,'Calle 88 # 34-38','Barrio San María','Secundaria',0,'2025-10-16 17:02:50','2025-10-16 17:02:50'),(165,231,30,'Calle 40 # 48-10','Casa','Trabajo',0,'2025-10-16 17:02:50','2025-10-16 17:02:50'),(166,232,18,'Calle 81 # 28-63','Local','Principal',0,'2025-10-16 17:02:50','2025-10-16 17:02:50'),(167,233,14,'Calle 175 # 1-18','Barrio San María','Trabajo',0,'2025-10-16 17:02:50','2025-10-16 17:02:50'),(168,234,28,'Calle 144 # 73-8','Barrio San Pedro','Principal',0,'2025-10-16 17:02:50','2025-10-16 17:02:50'),(169,235,13,'Calle 155 # 27-64','Local','Secundaria',0,'2025-10-16 17:02:50','2025-10-16 17:02:50'),(170,236,3,'Calle 191 # 32-43','Apartamento 16','Principal',0,'2025-10-16 17:02:50','2025-10-16 17:02:50'),(171,238,18,'Calle 195 # 57-49','Casa','Trabajo',0,'2025-10-16 17:02:50','2025-10-16 17:02:50'),(172,239,9,'Calle 47 # 54-66','Barrio San María','Principal',0,'2025-10-16 17:02:50','2025-10-16 17:02:50'),(173,241,28,'Calle 16 # 60-18','Casa','Trabajo',0,'2025-10-16 17:02:50','2025-10-16 17:02:50'),(174,242,25,'Calle 189 # 38-20','Casa','Principal',0,'2025-10-16 17:02:50','2025-10-16 17:02:50'),(175,244,25,'Calle 107 # 59-46','Local','Principal',1,'2025-10-16 17:02:50','2025-10-16 17:02:50'),(176,246,14,'Calle 142 # 2-68','Barrio San Pedro','Casa',1,'2025-10-16 17:02:50','2025-10-16 17:02:50'),(177,248,10,'Calle 9 # 59-63','Apartamento 8','Secundaria',1,'2025-10-16 17:02:50','2025-10-16 17:02:50'),(178,250,34,'Calle 181 # 65-4','Apartamento 37','Casa',1,'2025-10-16 17:02:50','2025-10-16 17:02:50'),(179,251,3,'Calle 133 # 44-77','Casa','Principal',1,'2025-10-16 17:02:50','2025-10-16 17:02:50'),(180,253,4,'Calle 30 # 66-39','Local','Trabajo',1,'2025-10-16 17:02:50','2025-10-16 17:02:50'),(181,255,16,'Calle 87 # 75-60','Apartamento 30','Principal',1,'2025-10-16 17:02:50','2025-10-16 17:02:50'),(182,256,31,'Calle 58 # 38-79','Apartamento 12','Casa',0,'2025-10-16 17:02:50','2025-10-16 17:02:50'),(183,257,9,'Calle 90 # 5-16','Local','Casa',1,'2025-10-16 17:02:50','2025-10-16 17:02:50'),(184,260,32,'Calle 79 # 22-36','Casa','Casa',0,'2025-10-16 17:02:50','2025-10-16 17:02:50'),(185,261,22,'Calle 60 # 11-51','Casa','Principal',0,'2025-10-16 17:02:50','2025-10-16 17:02:50'),(186,262,6,'Calle 96 # 16-67','Casa','Principal',1,'2025-10-16 17:02:50','2025-10-16 17:02:50'),(187,263,1,'Calle 195 # 59-78','Local','Casa',0,'2025-10-16 17:02:50','2025-10-16 17:02:50'),(188,264,9,'Calle 82 # 51-16','Apartamento 14','Secundaria',0,'2025-10-16 17:02:50','2025-10-16 17:02:50'),(189,265,20,'Calle 144 # 37-79','Apartamento 50','Secundaria',1,'2025-10-16 17:02:50','2025-10-16 17:02:50'),(190,267,22,'Calle 174 # 38-10','Local','Principal',1,'2025-10-16 17:02:50','2025-10-16 17:02:50'),(191,268,27,'Calle 12 # 79-45','Barrio San José','Casa',1,'2025-10-16 17:02:50','2025-10-16 17:02:50'),(192,270,12,'Calle 112 # 18-9','Casa','Principal',1,'2025-10-16 17:02:50','2025-10-16 17:02:50'),(193,271,8,'Calle 181 # 55-13','Barrio San Pedro','Casa',1,'2025-10-16 17:02:50','2025-10-16 17:02:50'),(194,273,7,'Calle 128 # 66-28','Barrio San Pedro','Casa',1,'2025-10-16 17:02:50','2025-10-16 17:02:50'),(195,274,25,'Calle 134 # 31-64','Barrio San Pedro','Trabajo',1,'2025-10-16 17:02:50','2025-10-16 17:02:50'),(196,275,9,'Calle 22 # 32-6','Apartamento 26','Secundaria',0,'2025-10-16 17:02:50','2025-10-16 17:02:50'),(197,277,33,'Calle 41 # 80-1','Casa','Principal',0,'2025-10-16 17:02:50','2025-10-16 17:02:50'),(198,278,27,'Calle 11 # 21-52','Local','Casa',0,'2025-10-16 17:02:50','2025-10-16 17:02:50'),(199,279,30,'Calle 140 # 24-4','Local','Principal',0,'2025-10-16 17:02:50','2025-10-16 17:02:50'),(200,282,26,'Calle 117 # 17-29','Casa','Casa',1,'2025-10-16 17:02:50','2025-10-16 17:02:50'),(201,283,21,'Calle 149 # 27-67','Local','Casa',1,'2025-10-16 17:02:50','2025-10-16 17:02:50'),(202,284,11,'Calle 39 # 75-31','Local','Secundaria',1,'2025-10-16 17:02:50','2025-10-16 17:02:50'),(203,287,17,'Calle 41 # 66-26','Barrio San María','Casa',1,'2025-10-16 17:02:50','2025-10-16 17:02:50'),(204,288,30,'Calle 104 # 50-66','Apartamento 10','Secundaria',0,'2025-10-16 17:02:50','2025-10-16 17:02:50'),(205,289,13,'Calle 82 # 77-47','Local','Principal',0,'2025-10-16 17:02:50','2025-10-16 17:02:50'),(206,293,24,'Calle 68 # 70-47','Barrio San Pedro','Secundaria',0,'2025-10-16 17:02:50','2025-10-16 17:02:50'),(207,295,34,'Calle 172 # 49-34','Barrio San Juan','Casa',1,'2025-10-16 17:02:50','2025-10-16 17:02:50'),(208,296,1,'Calle 154 # 62-77','Local','Secundaria',0,'2025-10-16 17:02:50','2025-10-16 17:02:50'),(209,299,2,'Calle 109 # 31-78','Casa','Trabajo',1,'2025-10-16 17:02:51','2025-10-16 17:02:51'),(210,300,1,'Calle 83 # 9-38','Apartamento 38','Secundaria',0,'2025-10-16 17:02:51','2025-10-16 17:02:51');
/*!40000 ALTER TABLE `addresses` ENABLE KEYS */;
UNLOCK TABLES;

--
-- Table structure for table `audit_log`
--

DROP TABLE IF EXISTS `audit_log`;
/*!40101 SET @saved_cs_client     = @@character_set_client */;
/*!50503 SET character_set_client = utf8mb4 */;
CREATE TABLE `audit_log` (
  `id` bigint NOT NULL AUTO_INCREMENT,
  `entity` varchar(100) CHARACTER SET utf8mb4 COLLATE utf8mb4_unicode_ci NOT NULL,
  `entity_id` bigint DEFAULT NULL,
  `action` varchar(50) CHARACTER SET utf8mb4 COLLATE utf8mb4_unicode_ci NOT NULL,
  `actor_user_id` bigint DEFAULT NULL,
  `details` text CHARACTER SET utf8mb4 COLLATE utf8mb4_unicode_ci,
  `created_at` datetime NOT NULL DEFAULT CURRENT_TIMESTAMP,
  PRIMARY KEY (`id`),
  KEY `idx_audit_entity` (`entity`),
  KEY `idx_audit_actor` (`actor_user_id`)
) ENGINE=InnoDB DEFAULT CHARSET=utf8mb4 COLLATE=utf8mb4_unicode_ci;
/*!40101 SET character_set_client = @saved_cs_client */;

--
-- Dumping data for table `audit_log`
--

LOCK TABLES `audit_log` WRITE;
/*!40000 ALTER TABLE `audit_log` DISABLE KEYS */;
/*!40000 ALTER TABLE `audit_log` ENABLE KEYS */;
UNLOCK TABLES;

--
-- Table structure for table `cart_items`
--

DROP TABLE IF EXISTS `cart_items`;
/*!40101 SET @saved_cs_client     = @@character_set_client */;
/*!50503 SET character_set_client = utf8mb4 */;
CREATE TABLE `cart_items` (
  `id` bigint NOT NULL AUTO_INCREMENT,
  `cart_id` bigint NOT NULL,
  `product_id` bigint NOT NULL,
  `qty` int NOT NULL DEFAULT '1',
  `unit_price` decimal(12,2) NOT NULL,
  `created_at` datetime NOT NULL DEFAULT CURRENT_TIMESTAMP,
  PRIMARY KEY (`id`),
  KEY `idx_cart_items_cart` (`cart_id`),
  KEY `idx_cart_items_product` (`product_id`),
  CONSTRAINT `fk_cart_items_cart` FOREIGN KEY (`cart_id`) REFERENCES `carts` (`id`) ON DELETE CASCADE ON UPDATE CASCADE,
  CONSTRAINT `fk_cart_items_product` FOREIGN KEY (`product_id`) REFERENCES `products` (`id`) ON DELETE RESTRICT ON UPDATE CASCADE
) ENGINE=InnoDB AUTO_INCREMENT=262 DEFAULT CHARSET=utf8mb4 COLLATE=utf8mb4_unicode_ci;
/*!40101 SET character_set_client = @saved_cs_client */;

--
-- Dumping data for table `cart_items`
--

LOCK TABLES `cart_items` WRITE;
/*!40000 ALTER TABLE `cart_items` DISABLE KEYS */;
INSERT INTO `cart_items` VALUES (1,1,72,1,7730.00,'2025-10-16 17:02:53'),(2,1,23,3,8027.00,'2025-10-16 17:02:53'),(3,1,3,2,4919.00,'2025-10-16 17:02:53'),(4,1,82,2,9031.00,'2025-10-16 17:02:53'),(5,2,16,2,7270.00,'2025-10-16 17:02:53'),(6,2,72,3,7730.00,'2025-10-16 17:02:53'),(7,2,100,3,2723.00,'2025-10-16 17:02:53'),(8,2,110,1,5727.00,'2025-10-16 17:02:53'),(9,2,1,2,8069.00,'2025-10-16 17:02:53'),(10,3,54,1,5248.00,'2025-10-16 17:02:53'),(11,3,92,3,7768.00,'2025-10-16 17:02:53'),(12,3,53,1,5195.00,'2025-10-16 17:02:53'),(13,3,66,2,8454.00,'2025-10-16 17:02:53'),(14,3,95,2,4800.00,'2025-10-16 17:02:53'),(15,4,53,2,5195.00,'2025-10-16 17:02:53'),(16,4,23,2,8027.00,'2025-10-16 17:02:53'),(17,4,29,3,7239.00,'2025-10-16 17:02:53'),(18,4,113,3,7527.00,'2025-10-16 17:02:53'),(19,5,113,2,7527.00,'2025-10-16 17:02:53'),(20,6,36,1,4818.00,'2025-10-16 17:02:53'),(21,6,66,3,8454.00,'2025-10-16 17:02:53'),(22,6,56,1,8192.00,'2025-10-16 17:02:53'),(23,7,76,1,5209.00,'2025-10-16 17:02:53'),(24,7,23,3,8027.00,'2025-10-16 17:02:53'),(25,8,111,1,5723.00,'2025-10-16 17:02:53'),(26,8,21,2,5494.00,'2025-10-16 17:02:53'),(27,9,81,2,6150.00,'2025-10-16 17:02:53'),(28,10,55,1,8677.00,'2025-10-16 17:02:53'),(29,10,65,2,6733.00,'2025-10-16 17:02:53'),(30,10,31,1,8864.00,'2025-10-16 17:02:53'),(31,10,32,1,6213.00,'2025-10-16 17:02:53'),(32,10,79,1,9132.00,'2025-10-16 17:02:53'),(33,11,17,1,7757.00,'2025-10-16 17:02:53'),(34,12,11,1,3903.00,'2025-10-16 17:02:53'),(35,12,14,3,5051.00,'2025-10-16 17:02:53'),(36,13,60,3,5100.00,'2025-10-16 17:02:53'),(37,13,102,3,4176.00,'2025-10-16 17:02:53'),(38,13,5,3,6577.00,'2025-10-16 17:02:53'),(39,14,12,3,8036.00,'2025-10-16 17:02:53'),(40,14,33,3,6320.00,'2025-10-16 17:02:53'),(41,14,73,3,6525.00,'2025-10-16 17:02:53'),(42,15,53,1,5195.00,'2025-10-16 17:02:53'),(43,16,41,3,7969.00,'2025-10-16 17:02:53'),(44,16,103,2,5362.00,'2025-10-16 17:02:53'),(45,17,61,3,4911.00,'2025-10-16 17:02:53'),(46,17,99,3,5114.00,'2025-10-16 17:02:53'),(47,17,54,1,5248.00,'2025-10-16 17:02:53'),(48,17,59,2,8269.00,'2025-10-16 17:02:53'),(49,18,101,3,2095.00,'2025-10-16 17:02:53'),(50,18,62,3,6081.00,'2025-10-16 17:02:53'),(51,19,98,2,4379.00,'2025-10-16 17:02:53'),(52,20,23,3,8027.00,'2025-10-16 17:02:53'),(53,20,27,2,6155.00,'2025-10-16 17:02:53'),(54,20,33,2,6320.00,'2025-10-16 17:02:53'),(55,21,113,1,7527.00,'2025-10-16 17:02:53'),(56,21,25,1,5775.00,'2025-10-16 17:02:53'),(57,21,59,2,8269.00,'2025-10-16 17:02:53'),(58,21,24,2,4209.00,'2025-10-16 17:02:53'),(59,21,42,2,8120.00,'2025-10-16 17:02:53'),(60,22,103,2,5362.00,'2025-10-16 17:02:53'),(61,22,3,1,4919.00,'2025-10-16 17:02:53'),(62,22,38,1,6457.00,'2025-10-16 17:02:53'),(63,23,68,1,7677.00,'2025-10-16 17:02:53'),(64,23,27,2,6155.00,'2025-10-16 17:02:53'),(65,23,58,2,3593.00,'2025-10-16 17:02:53'),(66,23,14,1,5051.00,'2025-10-16 17:02:53'),(67,23,47,2,7614.00,'2025-10-16 17:02:53'),(68,24,107,2,7896.00,'2025-10-16 17:02:53'),(69,24,15,3,5367.00,'2025-10-16 17:02:53'),(70,24,66,2,8454.00,'2025-10-16 17:02:53'),(71,25,78,3,9724.00,'2025-10-16 17:02:53'),(72,25,74,1,7395.00,'2025-10-16 17:02:53'),(73,25,22,1,4450.00,'2025-10-16 17:02:53'),(74,25,21,3,5494.00,'2025-10-16 17:02:54'),(75,25,3,2,4919.00,'2025-10-16 17:02:54'),(76,26,56,1,8192.00,'2025-10-16 17:02:54'),(77,27,14,1,5051.00,'2025-10-16 17:02:54'),(78,27,61,3,4911.00,'2025-10-16 17:02:54'),(79,28,96,3,5229.00,'2025-10-16 17:02:54'),(80,28,35,1,8412.00,'2025-10-16 17:02:54'),(81,28,1,2,8069.00,'2025-10-16 17:02:54'),(82,28,2,2,8790.00,'2025-10-16 17:02:54'),(83,28,31,2,8864.00,'2025-10-16 17:02:54'),(84,29,90,3,6078.00,'2025-10-16 17:02:54'),(85,29,3,3,4919.00,'2025-10-16 17:02:54'),(86,29,59,1,8269.00,'2025-10-16 17:02:54'),(87,30,97,1,3311.00,'2025-10-16 17:02:54'),(88,30,32,2,6213.00,'2025-10-16 17:02:54'),(89,30,69,1,5470.00,'2025-10-16 17:02:54'),(90,30,106,2,7659.00,'2025-10-16 17:02:54'),(91,31,101,1,2095.00,'2025-10-16 17:02:54'),(92,31,44,3,8611.00,'2025-10-16 17:02:54'),(93,32,50,3,8317.00,'2025-10-16 17:02:54'),(94,32,98,2,4379.00,'2025-10-16 17:02:54'),(95,32,113,2,7527.00,'2025-10-16 17:02:54'),(96,32,12,1,8036.00,'2025-10-16 17:02:54'),(97,32,74,2,7395.00,'2025-10-16 17:02:54'),(98,33,22,2,4450.00,'2025-10-16 17:02:54'),(99,33,48,1,6312.00,'2025-10-16 17:02:54'),(100,33,95,2,4800.00,'2025-10-16 17:02:54'),(101,34,57,2,5617.00,'2025-10-16 17:02:54'),(102,34,46,1,8039.00,'2025-10-16 17:02:54'),(103,35,74,3,7395.00,'2025-10-16 17:02:54'),(104,36,79,3,9132.00,'2025-10-16 17:02:54'),(105,36,77,2,9336.00,'2025-10-16 17:02:54'),(106,36,67,3,5010.00,'2025-10-16 17:02:54'),(107,36,7,2,6783.00,'2025-10-16 17:02:54'),(108,36,77,1,9336.00,'2025-10-16 17:02:54'),(109,37,2,1,8790.00,'2025-10-16 17:02:54'),(110,37,105,1,4265.00,'2025-10-16 17:02:54'),(111,37,111,3,5723.00,'2025-10-16 17:02:54'),(112,38,97,2,3311.00,'2025-10-16 17:02:54'),(113,38,82,2,9031.00,'2025-10-16 17:02:54'),(114,39,70,1,6083.00,'2025-10-16 17:02:54'),(115,39,44,1,8611.00,'2025-10-16 17:02:54'),(116,39,61,2,4911.00,'2025-10-16 17:02:54'),(117,39,89,1,9475.00,'2025-10-16 17:02:54'),(118,40,72,2,7730.00,'2025-10-16 17:02:54'),(119,41,2,2,8790.00,'2025-10-16 17:02:54'),(120,41,113,3,7527.00,'2025-10-16 17:02:54'),(121,41,65,1,6733.00,'2025-10-16 17:02:54'),(122,41,102,3,4176.00,'2025-10-16 17:02:54'),(123,41,96,1,5229.00,'2025-10-16 17:02:54'),(124,42,108,1,5775.00,'2025-10-16 17:02:54'),(125,42,5,1,6577.00,'2025-10-16 17:02:54'),(126,43,1,1,8069.00,'2025-10-16 17:02:54'),(127,43,12,2,8036.00,'2025-10-16 17:02:54'),(128,43,108,3,5775.00,'2025-10-16 17:02:54'),(129,43,25,3,5775.00,'2025-10-16 17:02:54'),(130,43,57,3,5617.00,'2025-10-16 17:02:54'),(131,44,100,3,2723.00,'2025-10-16 17:02:54'),(132,44,73,2,6525.00,'2025-10-16 17:02:54'),(133,44,50,3,8317.00,'2025-10-16 17:02:54'),(134,45,51,1,7638.00,'2025-10-16 17:02:54'),(135,45,97,2,3311.00,'2025-10-16 17:02:54'),(136,46,56,3,8192.00,'2025-10-16 17:02:54'),(137,46,32,3,6213.00,'2025-10-16 17:02:54'),(138,46,20,2,5205.00,'2025-10-16 17:02:54'),(139,47,104,1,4391.00,'2025-10-16 17:02:54'),(140,47,30,1,4092.00,'2025-10-16 17:02:54'),(141,47,10,2,4313.00,'2025-10-16 17:02:54'),(142,47,100,3,2723.00,'2025-10-16 17:02:54'),(143,48,20,2,5205.00,'2025-10-16 17:02:54'),(144,48,8,3,3855.00,'2025-10-16 17:02:54'),(145,49,95,1,4800.00,'2025-10-16 17:02:54'),(146,49,1,3,8069.00,'2025-10-16 17:02:54'),(147,49,91,3,4945.00,'2025-10-16 17:02:54'),(148,49,101,3,2095.00,'2025-10-16 17:02:54'),(149,49,72,1,7730.00,'2025-10-16 17:02:54'),(150,50,40,1,8960.00,'2025-10-16 17:02:54'),(151,50,71,3,3581.00,'2025-10-16 17:02:54'),(152,50,32,1,6213.00,'2025-10-16 17:02:54'),(153,51,74,3,7395.00,'2025-10-16 17:02:54'),(154,51,16,3,7270.00,'2025-10-16 17:02:54'),(155,51,52,2,3771.00,'2025-10-16 17:02:54'),(156,51,17,3,7757.00,'2025-10-16 17:02:54'),(157,51,41,2,7969.00,'2025-10-16 17:02:54'),(158,52,41,1,7969.00,'2025-10-16 17:02:54'),(159,53,51,3,7638.00,'2025-10-16 17:02:54'),(160,54,74,1,7395.00,'2025-10-16 17:02:54'),(161,54,84,1,4995.00,'2025-10-16 17:02:54'),(162,54,11,1,3903.00,'2025-10-16 17:02:54'),(163,54,63,2,4618.00,'2025-10-16 17:02:54'),(164,54,26,2,8229.00,'2025-10-16 17:02:54'),(165,55,16,3,7270.00,'2025-10-16 17:02:54'),(166,55,78,1,9724.00,'2025-10-16 17:02:54'),(167,56,107,2,7896.00,'2025-10-16 17:02:54'),(168,56,94,3,5428.00,'2025-10-16 17:02:54'),(169,56,21,2,5494.00,'2025-10-16 17:02:54'),(170,56,38,3,6457.00,'2025-10-16 17:02:54'),(171,57,72,3,7730.00,'2025-10-16 17:02:54'),(172,57,47,2,7614.00,'2025-10-16 17:02:54'),(173,57,74,2,7395.00,'2025-10-16 17:02:54'),(174,57,35,2,8412.00,'2025-10-16 17:02:54'),(175,58,112,2,7799.00,'2025-10-16 17:02:54'),(176,58,100,3,2723.00,'2025-10-16 17:02:54'),(177,58,64,1,6476.00,'2025-10-16 17:02:54'),(178,58,27,3,6155.00,'2025-10-16 17:02:54'),(179,59,47,2,7614.00,'2025-10-16 17:02:54'),(180,59,65,1,6733.00,'2025-10-16 17:02:54'),(181,59,113,3,7527.00,'2025-10-16 17:02:54'),(182,59,96,3,5229.00,'2025-10-16 17:02:54'),(183,59,100,3,2723.00,'2025-10-16 17:02:54'),(184,60,10,1,4313.00,'2025-10-16 17:02:54'),(185,60,104,3,4391.00,'2025-10-16 17:02:54'),(186,60,80,1,4833.00,'2025-10-16 17:02:54'),(187,60,24,1,4209.00,'2025-10-16 17:02:54'),(188,60,72,2,7730.00,'2025-10-16 17:02:54'),(189,61,114,3,6530.00,'2025-10-16 17:02:54'),(190,62,109,2,5921.00,'2025-10-16 17:02:54'),(191,62,104,3,4391.00,'2025-10-16 17:02:54'),(192,63,94,3,5428.00,'2025-10-16 17:02:54'),(193,63,29,3,7239.00,'2025-10-16 17:02:54'),(194,63,18,3,8379.00,'2025-10-16 17:02:54'),(195,63,75,1,6737.00,'2025-10-16 17:02:54'),(196,63,10,1,4313.00,'2025-10-16 17:02:54'),(197,64,102,2,4176.00,'2025-10-16 17:02:54'),(198,65,83,2,4059.00,'2025-10-16 17:02:54'),(199,65,55,2,8677.00,'2025-10-16 17:02:54'),(200,65,12,3,8036.00,'2025-10-16 17:02:54'),(201,65,5,2,6577.00,'2025-10-16 17:02:54'),(202,66,63,3,4618.00,'2025-10-16 17:02:54'),(203,66,104,1,4391.00,'2025-10-16 17:02:54'),(204,66,33,3,6320.00,'2025-10-16 17:02:54'),(205,66,110,3,5727.00,'2025-10-16 17:02:54'),(206,66,113,2,7527.00,'2025-10-16 17:02:54'),(207,67,8,2,3855.00,'2025-10-16 17:02:54'),(208,67,10,1,4313.00,'2025-10-16 17:02:54'),(209,68,101,1,2095.00,'2025-10-16 17:02:54'),(210,68,110,1,5727.00,'2025-10-16 17:02:54'),(211,68,94,1,5428.00,'2025-10-16 17:02:54'),(212,68,85,1,9346.00,'2025-10-16 17:02:54'),(213,69,101,3,2095.00,'2025-10-16 17:02:54'),(214,69,69,3,5470.00,'2025-10-16 17:02:54'),(215,69,52,1,3771.00,'2025-10-16 17:02:54'),(216,70,88,2,10057.00,'2025-10-16 17:02:54'),(217,70,5,2,6577.00,'2025-10-16 17:02:54'),(218,70,27,3,6155.00,'2025-10-16 17:02:54'),(219,70,72,2,7730.00,'2025-10-16 17:02:54'),(220,70,75,1,6737.00,'2025-10-16 17:02:54'),(221,71,107,3,7896.00,'2025-10-16 17:02:54'),(222,71,101,1,2095.00,'2025-10-16 17:02:54'),(223,71,48,2,6312.00,'2025-10-16 17:02:54'),(224,71,45,3,8325.00,'2025-10-16 17:02:54'),(225,71,20,2,5205.00,'2025-10-16 17:02:54'),(226,72,16,1,7270.00,'2025-10-16 17:02:54'),(227,72,105,1,4265.00,'2025-10-16 17:02:54'),(228,72,62,1,6081.00,'2025-10-16 17:02:54'),(229,72,38,3,6457.00,'2025-10-16 17:02:54'),(230,72,59,3,8269.00,'2025-10-16 17:02:54'),(231,73,20,1,5205.00,'2025-10-16 17:02:54'),(232,73,11,3,3903.00,'2025-10-16 17:02:54'),(233,73,99,3,5114.00,'2025-10-16 17:02:54'),(234,73,17,2,7757.00,'2025-10-16 17:02:54'),(235,74,70,2,6083.00,'2025-10-16 17:02:54'),(236,74,107,3,7896.00,'2025-10-16 17:02:54'),(237,75,83,2,4059.00,'2025-10-16 17:02:54'),(238,75,19,1,7973.00,'2025-10-16 17:02:54'),(239,75,25,1,5775.00,'2025-10-16 17:02:54'),(240,75,69,3,5470.00,'2025-10-16 17:02:54'),(241,75,87,2,6935.00,'2025-10-16 17:02:54'),(242,76,88,2,10057.00,'2025-10-16 17:02:54'),(243,76,70,1,6083.00,'2025-10-16 17:02:54'),(244,76,15,2,5367.00,'2025-10-16 17:02:54'),(245,76,51,2,7638.00,'2025-10-16 17:02:54'),(246,76,43,1,3502.00,'2025-10-16 17:02:54'),(247,77,112,1,7799.00,'2025-10-16 17:02:54'),(248,78,90,1,6078.00,'2025-10-16 17:02:54'),(249,78,61,3,4911.00,'2025-10-16 17:02:54'),(250,78,82,2,9031.00,'2025-10-16 17:02:54'),(251,78,14,2,5051.00,'2025-10-16 17:02:54'),(252,78,95,2,4800.00,'2025-10-16 17:02:54'),(253,79,57,3,5617.00,'2025-10-16 17:02:54'),(254,79,74,1,7395.00,'2025-10-16 17:02:54'),(255,79,22,1,4450.00,'2025-10-16 17:02:54'),(256,79,46,2,8039.00,'2025-10-16 17:02:54'),(257,80,10,2,4313.00,'2025-10-16 17:02:54'),(258,80,42,3,8120.00,'2025-10-16 17:02:54'),(259,80,101,1,2095.00,'2025-10-16 17:02:54'),(260,80,101,3,2095.00,'2025-10-16 17:02:54'),(261,80,68,3,7677.00,'2025-10-16 17:02:54');
/*!40000 ALTER TABLE `cart_items` ENABLE KEYS */;
UNLOCK TABLES;

--
-- Table structure for table `carts`
--

DROP TABLE IF EXISTS `carts`;
/*!40101 SET @saved_cs_client     = @@character_set_client */;
/*!50503 SET character_set_client = utf8mb4 */;
CREATE TABLE `carts` (
  `id` bigint NOT NULL AUTO_INCREMENT,
  `user_id` bigint DEFAULT NULL,
  `token` varchar(255) CHARACTER SET utf8mb4 COLLATE utf8mb4_unicode_ci DEFAULT NULL,
  `created_at` datetime NOT NULL DEFAULT CURRENT_TIMESTAMP,
  `updated_at` datetime NOT NULL DEFAULT CURRENT_TIMESTAMP ON UPDATE CURRENT_TIMESTAMP,
  PRIMARY KEY (`id`),
  KEY `idx_carts_user` (`user_id`),
  KEY `idx_carts_token` (`token`),
  CONSTRAINT `fk_carts_user` FOREIGN KEY (`user_id`) REFERENCES `users` (`id`) ON DELETE SET NULL ON UPDATE CASCADE
) ENGINE=InnoDB AUTO_INCREMENT=144 DEFAULT CHARSET=utf8mb4 COLLATE=utf8mb4_unicode_ci;
/*!40101 SET character_set_client = @saved_cs_client */;

--
-- Dumping data for table `carts`
--

LOCK TABLES `carts` WRITE;
/*!40000 ALTER TABLE `carts` DISABLE KEYS */;
INSERT INTO `carts` VALUES (1,211,'tok_1_9055','2025-10-16 17:02:53','2025-10-16 17:02:53'),(2,271,'tok_2_6453','2025-10-16 17:02:53','2025-10-16 17:02:53'),(3,53,'tok_3_2609','2025-10-16 17:02:53','2025-10-16 17:02:53'),(4,210,'tok_4_6893','2025-10-16 17:02:53','2025-10-16 17:02:53'),(5,263,'tok_5_4945','2025-10-16 17:02:53','2025-10-16 17:02:53'),(6,181,'tok_6_6441','2025-10-16 17:02:53','2025-10-16 17:02:53'),(7,88,'tok_7_4983','2025-10-16 17:02:53','2025-10-16 17:02:53'),(8,55,'tok_8_4058','2025-10-16 17:02:53','2025-10-16 17:02:53'),(9,129,'tok_9_9769','2025-10-16 17:02:53','2025-10-16 17:02:53'),(10,204,'tok_10_8819','2025-10-16 17:02:53','2025-10-16 17:02:53'),(11,50,'tok_11_3297','2025-10-16 17:02:53','2025-10-16 17:02:53'),(12,144,'tok_12_7470','2025-10-16 17:02:53','2025-10-16 17:02:53'),(13,50,'tok_13_2496','2025-10-16 17:02:53','2025-10-16 17:02:53'),(14,18,'tok_14_6008','2025-10-16 17:02:53','2025-10-16 17:02:53'),(15,52,'tok_15_1861','2025-10-16 17:02:53','2025-10-16 17:02:53'),(16,257,'tok_16_3470','2025-10-16 17:02:53','2025-10-16 17:02:53'),(17,230,'tok_17_4320','2025-10-16 17:02:53','2025-10-16 17:02:53'),(18,172,'tok_18_1871','2025-10-16 17:02:53','2025-10-16 17:02:53'),(19,3,'tok_19_6506','2025-10-16 17:02:53','2025-10-16 17:02:53'),(20,210,'tok_20_3155','2025-10-16 17:02:53','2025-10-16 17:02:53'),(21,42,'tok_21_2237','2025-10-16 17:02:53','2025-10-16 17:02:53'),(22,158,'tok_22_2410','2025-10-16 17:02:53','2025-10-16 17:02:53'),(23,181,'tok_23_4983','2025-10-16 17:02:53','2025-10-16 17:02:53'),(24,51,'tok_24_1240','2025-10-16 17:02:53','2025-10-16 17:02:53'),(25,31,'tok_25_4845','2025-10-16 17:02:53','2025-10-16 17:02:53'),(26,176,'tok_26_5496','2025-10-16 17:02:54','2025-10-16 17:02:54'),(27,37,'tok_27_3761','2025-10-16 17:02:54','2025-10-16 17:02:54'),(28,215,'tok_28_6263','2025-10-16 17:02:54','2025-10-16 17:02:54'),(29,95,'tok_29_4912','2025-10-16 17:02:54','2025-10-16 17:02:54'),(30,233,'tok_30_4066','2025-10-16 17:02:54','2025-10-16 17:02:54'),(31,85,'tok_31_8534','2025-10-16 17:02:54','2025-10-16 17:02:54'),(32,90,'tok_32_3414','2025-10-16 17:02:54','2025-10-16 17:02:54'),(33,147,'tok_33_6315','2025-10-16 17:02:54','2025-10-16 17:02:54'),(34,97,'tok_34_8411','2025-10-16 17:02:54','2025-10-16 17:02:54'),(35,119,'tok_35_1304','2025-10-16 17:02:54','2025-10-16 17:02:54'),(36,13,'tok_36_8853','2025-10-16 17:02:54','2025-10-16 17:02:54'),(37,190,'tok_37_9291','2025-10-16 17:02:54','2025-10-16 17:02:54'),(38,232,'tok_38_8377','2025-10-16 17:02:54','2025-10-16 17:02:54'),(39,36,'tok_39_7811','2025-10-16 17:02:54','2025-10-16 17:02:54'),(40,82,'tok_40_7790','2025-10-16 17:02:54','2025-10-16 17:02:54'),(41,60,'tok_41_8798','2025-10-16 17:02:54','2025-10-16 17:02:54'),(42,25,'tok_42_2029','2025-10-16 17:02:54','2025-10-16 17:02:54'),(43,113,'tok_43_1881','2025-10-16 17:02:54','2025-10-16 17:02:54'),(44,195,'tok_44_1833','2025-10-16 17:02:54','2025-10-16 17:02:54'),(45,101,'tok_45_7161','2025-10-16 17:02:54','2025-10-16 17:02:54'),(46,63,'tok_46_4255','2025-10-16 17:02:54','2025-10-16 17:02:54'),(47,16,'tok_47_1725','2025-10-16 17:02:54','2025-10-16 17:02:54'),(48,286,'tok_48_4894','2025-10-16 17:02:54','2025-10-16 17:02:54'),(49,216,'tok_49_2581','2025-10-16 17:02:54','2025-10-16 17:02:54'),(50,195,'tok_50_2228','2025-10-16 17:02:54','2025-10-16 17:02:54'),(51,49,'tok_51_3602','2025-10-16 17:02:54','2025-10-16 17:02:54'),(52,36,'tok_52_6481','2025-10-16 17:02:54','2025-10-16 17:02:54'),(53,86,'tok_53_4375','2025-10-16 17:02:54','2025-10-16 17:02:54'),(54,170,'tok_54_1792','2025-10-16 17:02:54','2025-10-16 17:02:54'),(55,107,'tok_55_3674','2025-10-16 17:02:54','2025-10-16 17:02:54'),(56,95,'tok_56_5083','2025-10-16 17:02:54','2025-10-16 17:02:54'),(57,199,'tok_57_3373','2025-10-16 17:02:54','2025-10-16 17:02:54'),(58,95,'tok_58_5295','2025-10-16 17:02:54','2025-10-16 17:02:54'),(59,154,'tok_59_2221','2025-10-16 17:02:54','2025-10-16 17:02:54'),(60,254,'tok_60_5732','2025-10-16 17:02:54','2025-10-16 17:02:54'),(61,118,'tok_61_8755','2025-10-16 17:02:54','2025-10-16 17:02:54'),(62,263,'tok_62_8962','2025-10-16 17:02:54','2025-10-16 17:02:54'),(63,300,'tok_63_3059','2025-10-16 17:02:54','2025-10-16 17:02:54'),(64,26,'tok_64_3914','2025-10-16 17:02:54','2025-10-16 17:02:54'),(65,62,'tok_65_6849','2025-10-16 17:02:54','2025-10-16 17:02:54'),(66,2,'tok_66_7184','2025-10-16 17:02:54','2025-10-16 17:02:54'),(67,283,'tok_67_2851','2025-10-16 17:02:54','2025-10-16 17:02:54'),(68,10,'tok_68_6835','2025-10-16 17:02:54','2025-10-16 17:02:54'),(69,35,'tok_69_9606','2025-10-16 17:02:54','2025-10-16 17:02:54'),(70,256,'tok_70_5623','2025-10-16 17:02:54','2025-10-16 17:02:54'),(71,131,'tok_71_9409','2025-10-16 17:02:54','2025-10-16 17:02:54'),(72,138,'tok_72_3442','2025-10-16 17:02:54','2025-10-16 17:02:54'),(73,237,'tok_73_2604','2025-10-16 17:02:54','2025-10-16 17:02:54'),(74,104,'tok_74_1716','2025-10-16 17:02:54','2025-10-16 17:02:54'),(75,150,'tok_75_3564','2025-10-16 17:02:54','2025-10-16 17:02:54'),(76,42,'tok_76_2442','2025-10-16 17:02:54','2025-10-16 17:02:54'),(77,256,'tok_77_1907','2025-10-16 17:02:54','2025-10-16 17:02:54'),(78,41,'tok_78_1993','2025-10-16 17:02:54','2025-10-16 17:02:54'),(79,226,'tok_79_7474','2025-10-16 17:02:54','2025-10-16 17:02:54'),(80,157,'tok_80_1783','2025-10-16 17:02:54','2025-10-16 17:02:54'),(81,1,'abandoned_1_4552','2025-09-29 17:46:18','2025-10-04 17:46:18'),(82,2,'abandoned_2_9010','2025-10-08 17:46:18','2025-09-28 17:46:18'),(83,3,'abandoned_3_7888','2025-09-13 17:46:18','2025-09-13 17:46:18'),(84,4,'abandoned_4_7779','2025-09-29 17:46:18','2025-10-03 17:46:18'),(85,5,'abandoned_5_9389','2025-10-03 17:46:18','2025-10-04 17:46:18'),(86,8,'abandoned_8_1136','2025-10-04 17:46:18','2025-09-25 17:46:18'),(87,9,'abandoned_9_7431','2025-09-27 17:46:18','2025-09-17 17:46:18'),(88,11,'abandoned_11_3828','2025-09-15 17:46:18','2025-09-15 17:46:18'),(89,15,'abandoned_15_5637','2025-09-25 17:46:18','2025-09-20 17:46:18'),(90,16,'abandoned_16_7666','2025-09-10 17:46:18','2025-09-27 17:46:18'),(91,19,'abandoned_19_1089','2025-09-27 17:46:18','2025-09-19 17:46:18'),(92,22,'abandoned_22_150','2025-10-04 17:46:18','2025-09-16 17:46:18'),(93,24,'abandoned_24_2620','2025-10-06 17:46:18','2025-09-22 17:46:18'),(94,25,'abandoned_25_5550','2025-10-05 17:46:18','2025-09-10 17:46:18'),(95,26,'abandoned_26_3304','2025-09-13 17:46:18','2025-10-03 17:46:18'),(96,27,'abandoned_27_4465','2025-09-19 17:46:18','2025-09-10 17:46:18'),(97,30,'abandoned_30_8051','2025-10-04 17:46:18','2025-09-28 17:46:18'),(98,32,'abandoned_32_3564','2025-09-18 17:46:18','2025-09-27 17:46:18'),(99,35,'abandoned_35_7786','2025-09-15 17:46:18','2025-09-20 17:46:18'),(100,36,'abandoned_36_6669','2025-09-23 17:46:18','2025-09-21 17:46:18'),(101,38,'abandoned_38_3300','2025-09-11 17:46:18','2025-09-19 17:46:18'),(102,41,'abandoned_41_3947','2025-10-06 17:46:18','2025-10-03 17:46:18'),(103,43,'abandoned_43_6706','2025-09-14 17:46:18','2025-10-06 17:46:18'),(104,44,'abandoned_44_9953','2025-09-17 17:46:18','2025-09-23 17:46:18'),(105,47,'abandoned_47_5201','2025-10-08 17:46:18','2025-09-22 17:46:18'),(106,48,'abandoned_48_7346','2025-09-09 17:46:18','2025-09-16 17:46:18'),(107,50,'abandoned_50_7309','2025-09-25 17:46:18','2025-09-09 17:46:18'),(108,52,'abandoned_52_6403','2025-10-02 17:46:18','2025-10-01 17:46:18'),(109,54,'abandoned_54_4938','2025-09-16 17:46:18','2025-09-30 17:46:18'),(110,57,'abandoned_57_2165','2025-10-03 17:46:18','2025-09-29 17:46:18'),(111,58,'abandoned_58_9916','2025-10-08 17:46:18','2025-10-05 17:46:18'),(112,59,'abandoned_59_4871','2025-10-05 17:46:18','2025-10-05 17:46:18'),(113,61,'abandoned_61_1984','2025-09-18 17:46:18','2025-09-16 17:46:18'),(114,63,'abandoned_63_7211','2025-09-27 17:46:18','2025-09-18 17:46:18'),(115,64,'abandoned_64_3334','2025-09-20 17:46:18','2025-10-08 17:46:18'),(116,66,'abandoned_66_2066','2025-10-08 17:46:18','2025-09-23 17:46:18'),(117,67,'abandoned_67_5300','2025-10-06 17:46:18','2025-09-14 17:46:18'),(118,70,'abandoned_70_8270','2025-09-18 17:46:18','2025-09-09 17:46:18'),(119,72,'abandoned_72_8494','2025-09-30 17:46:18','2025-09-12 17:46:18'),(120,74,'abandoned_74_6249','2025-09-26 17:46:18','2025-09-30 17:46:18'),(121,75,'abandoned_75_606','2025-09-24 17:46:18','2025-09-30 17:46:18'),(122,77,'abandoned_77_9750','2025-09-09 17:46:18','2025-10-06 17:46:18'),(123,78,'abandoned_78_3642','2025-09-20 17:46:18','2025-09-11 17:46:18'),(124,79,'abandoned_79_8136','2025-09-30 17:46:18','2025-10-08 17:46:18'),(125,80,'abandoned_80_2542','2025-10-03 17:46:18','2025-10-03 17:46:18'),(126,84,'abandoned_84_3762','2025-09-29 17:46:18','2025-09-25 17:46:18'),(127,85,'abandoned_85_2303','2025-09-13 17:46:18','2025-09-22 17:46:18'),(128,86,'abandoned_86_2708','2025-09-19 17:46:18','2025-09-24 17:46:18'),(129,87,'abandoned_87_4464','2025-09-15 17:46:18','2025-09-22 17:46:18'),(130,88,'abandoned_88_4004','2025-09-28 17:46:18','2025-09-20 17:46:18');
/*!40000 ALTER TABLE `carts` ENABLE KEYS */;
UNLOCK TABLES;

--
-- Table structure for table `categories`
--

DROP TABLE IF EXISTS `categories`;
/*!40101 SET @saved_cs_client     = @@character_set_client */;
/*!50503 SET character_set_client = utf8mb4 */;
CREATE TABLE `categories` (
  `id` int NOT NULL AUTO_INCREMENT,
  `name` varchar(120) CHARACTER SET utf8mb4 COLLATE utf8mb4_unicode_ci NOT NULL,
  `slug` varchar(140) CHARACTER SET utf8mb4 COLLATE utf8mb4_unicode_ci NOT NULL,
  `created_at` datetime NOT NULL DEFAULT CURRENT_TIMESTAMP,
  PRIMARY KEY (`id`),
  UNIQUE KEY `name` (`name`),
  UNIQUE KEY `slug` (`slug`)
) ENGINE=InnoDB AUTO_INCREMENT=9 DEFAULT CHARSET=utf8mb4 COLLATE=utf8mb4_unicode_ci;
/*!40101 SET character_set_client = @saved_cs_client */;

--
-- Dumping data for table `categories`
--

LOCK TABLES `categories` WRITE;
/*!40000 ALTER TABLE `categories` DISABLE KEYS */;
INSERT INTO `categories` VALUES (1,'Jugos Naturales','jugos-naturales','2025-10-16 17:02:49'),(2,'Batidos','batidos','2025-10-16 17:02:49'),(3,'Smoothies','smoothies','2025-10-16 17:02:49'),(4,'Aguas Saborizadas','aguas-saborizadas','2025-10-16 17:02:49'),(5,'Tés e Infusiones','tes-e-infusiones','2025-10-16 17:02:49'),(6,'Bebidas Gaseosas','bebidas-gaseosas','2025-10-16 17:02:49'),(7,'Bebidas Energéticas','bebidas-energeticas','2025-10-16 17:02:49'),(8,'Cafés y Frappés','cafes-y-frappes','2025-10-16 17:02:49');
/*!40000 ALTER TABLE `categories` ENABLE KEYS */;
UNLOCK TABLES;

--
-- Table structure for table `cities`
--

DROP TABLE IF EXISTS `cities`;
/*!40101 SET @saved_cs_client     = @@character_set_client */;
/*!50503 SET character_set_client = utf8mb4 */;
CREATE TABLE `cities` (
  `id` int NOT NULL AUTO_INCREMENT,
  `department_id` int NOT NULL,
  `name` varchar(120) CHARACTER SET utf8mb4 COLLATE utf8mb4_unicode_ci NOT NULL,
  PRIMARY KEY (`id`),
  UNIQUE KEY `uk_cities_dept_name` (`department_id`,`name`),
  KEY `idx_cities_department` (`department_id`),
  CONSTRAINT `fk_cities_department` FOREIGN KEY (`department_id`) REFERENCES `departments` (`id`) ON DELETE RESTRICT ON UPDATE CASCADE
) ENGINE=InnoDB AUTO_INCREMENT=35 DEFAULT CHARSET=utf8mb4 COLLATE=utf8mb4_unicode_ci;
/*!40101 SET character_set_client = @saved_cs_client */;

--
-- Dumping data for table `cities`
--

LOCK TABLES `cities` WRITE;
/*!40000 ALTER TABLE `cities` DISABLE KEYS */;
INSERT INTO `cities` VALUES (1,1,'Quibdó'),(2,2,'Medellín'),(3,3,'Bogotá'),(16,3,'Girardot'),(4,4,'Leticia'),(5,5,'Arauca'),(6,6,'Barranquilla'),(7,7,'Bogotá'),(8,8,'Cartagena de Indias'),(9,9,'Tunja'),(10,10,'Manizales'),(11,11,'Florencia'),(12,12,'Yopal'),(13,13,'Popayán'),(14,14,'Valledupar'),(15,15,'Montería'),(17,16,'Inírida'),(18,17,'San José del Guaviare'),(19,18,'Neiva'),(20,19,'Riohacha'),(21,20,'Santa Marta'),(22,21,'Villavicencio'),(23,22,'Pasto'),(24,23,'Cúcuta'),(25,24,'Mocoa'),(26,25,'Armenia'),(27,26,'Pereira'),(28,27,'San Andrés'),(29,28,'Bucaramanga'),(30,29,'Sincelejo'),(31,30,'Ibagué'),(32,31,'Cali'),(33,32,'Mitú'),(34,33,'Puerto Carreño');
/*!40000 ALTER TABLE `cities` ENABLE KEYS */;
UNLOCK TABLES;

--
-- Table structure for table `contact_messages`
--

DROP TABLE IF EXISTS `contact_messages`;
/*!40101 SET @saved_cs_client     = @@character_set_client */;
/*!50503 SET character_set_client = utf8mb4 */;
CREATE TABLE `contact_messages` (
  `id` bigint NOT NULL AUTO_INCREMENT,
  `user_id` bigint DEFAULT NULL,
  `email` varchar(150) CHARACTER SET utf8mb4 COLLATE utf8mb4_unicode_ci DEFAULT NULL,
  `subject` varchar(200) CHARACTER SET utf8mb4 COLLATE utf8mb4_unicode_ci NOT NULL,
  `message` text CHARACTER SET utf8mb4 COLLATE utf8mb4_unicode_ci NOT NULL,
  `status_id` int NOT NULL,
  `created_at` datetime NOT NULL DEFAULT CURRENT_TIMESTAMP,
  `updated_at` datetime NOT NULL DEFAULT CURRENT_TIMESTAMP ON UPDATE CURRENT_TIMESTAMP,
  PRIMARY KEY (`id`),
  KEY `idx_contact_user` (`user_id`),
  KEY `idx_contact_status` (`status_id`),
  CONSTRAINT `fk_contact_status` FOREIGN KEY (`status_id`) REFERENCES `statuses` (`id`) ON DELETE RESTRICT ON UPDATE CASCADE,
  CONSTRAINT `fk_contact_user` FOREIGN KEY (`user_id`) REFERENCES `users` (`id`) ON DELETE SET NULL ON UPDATE CASCADE
) ENGINE=InnoDB AUTO_INCREMENT=121 DEFAULT CHARSET=utf8mb4 COLLATE=utf8mb4_unicode_ci;
/*!40101 SET character_set_client = @saved_cs_client */;

--
-- Dumping data for table `contact_messages`
--

LOCK TABLES `contact_messages` WRITE;
/*!40000 ALTER TABLE `contact_messages` DISABLE KEYS */;
INSERT INTO `contact_messages` VALUES (1,71,'andresrodriguez71@example.com','Reclamo','Mensaje de prueba: Reclamo.',11,'2025-10-16 17:02:55','2025-10-16 17:02:55'),(2,93,'lauracruz93@example.com','Reclamo','Mensaje de prueba: Reclamo.',12,'2025-10-16 17:02:55','2025-10-16 17:02:55'),(3,165,'juancruz165@example.com','Reclamo','Mensaje de prueba: Reclamo.',11,'2025-10-16 17:02:55','2025-10-16 17:02:55'),(4,66,'nataliaortiz66@example.com','Consulta producto','Mensaje de prueba: Consulta producto.',10,'2025-10-16 17:02:55','2025-10-16 17:02:55'),(5,236,'dianarodriguez236@example.com','Información general','Mensaje de prueba: Información general.',10,'2025-10-16 17:02:55','2025-10-16 17:02:55'),(6,288,'javierdiaz288@example.com','Reclamo','Mensaje de prueba: Reclamo.',12,'2025-10-16 17:02:55','2025-10-16 17:02:55'),(7,261,'paolamartinez261@example.com','Sugerencia','Mensaje de prueba: Sugerencia.',12,'2025-10-16 17:02:55','2025-10-16 17:02:55'),(8,112,'luciaortiz112@example.com','Consulta producto','Mensaje de prueba: Consulta producto.',10,'2025-10-16 17:02:55','2025-10-16 17:02:55'),(9,NULL,'anon@example.com','Soporte pedido','Mensaje de prueba: Soporte pedido.',11,'2025-10-16 17:02:55','2025-10-16 17:02:55'),(10,234,'valentinaortiz234@example.com','Reclamo','Mensaje de prueba: Reclamo.',11,'2025-10-16 17:02:55','2025-10-16 17:02:55'),(11,253,'mariaperez253@example.com','Información general','Mensaje de prueba: Información general.',10,'2025-10-16 17:02:55','2025-10-16 17:02:55'),(12,287,'luissilva287@example.com','Sugerencia','Mensaje de prueba: Sugerencia.',12,'2025-10-16 17:02:55','2025-10-16 17:02:55'),(13,NULL,'anon@example.com','Reclamo','Mensaje de prueba: Reclamo.',10,'2025-10-16 17:02:55','2025-10-16 17:02:55'),(14,NULL,'anon@example.com','Reclamo','Mensaje de prueba: Reclamo.',12,'2025-10-16 17:02:55','2025-10-16 17:02:55'),(15,194,'andreacruz194@example.com','Soporte pedido','Mensaje de prueba: Soporte pedido.',12,'2025-10-16 17:02:55','2025-10-16 17:02:55'),(16,40,'santiagohernandez40@example.com','Soporte pedido','Mensaje de prueba: Soporte pedido.',10,'2025-10-16 17:02:55','2025-10-16 17:02:55'),(17,84,'danielacastro84@example.com','Soporte pedido','Mensaje de prueba: Soporte pedido.',12,'2025-10-16 17:02:55','2025-10-16 17:02:55'),(18,292,'miguelortiz292@example.com','Reclamo','Mensaje de prueba: Reclamo.',11,'2025-10-16 17:02:55','2025-10-16 17:02:55'),(19,283,'marcoscruz283@example.com','Reclamo','Mensaje de prueba: Reclamo.',12,'2025-10-16 17:02:55','2025-10-16 17:02:55'),(20,273,'diegosilva273@example.com','Soporte pedido','Mensaje de prueba: Soporte pedido.',10,'2025-10-16 17:02:55','2025-10-16 17:02:55'),(21,191,'paolacastro191@example.com','Reclamo','Mensaje de prueba: Reclamo.',12,'2025-10-16 17:02:55','2025-10-16 17:02:55'),(22,131,'mauriciogarcia131@example.com','Soporte pedido','Mensaje de prueba: Soporte pedido.',10,'2025-10-16 17:02:55','2025-10-16 17:02:55'),(23,200,'robertogarcia200@example.com','Soporte pedido','Mensaje de prueba: Soporte pedido.',11,'2025-10-16 17:02:55','2025-10-16 17:02:55'),(24,78,'luciagomez78@example.com','Sugerencia','Mensaje de prueba: Sugerencia.',12,'2025-10-16 17:02:55','2025-10-16 17:02:55'),(25,96,'lauramartinez96@example.com','Soporte pedido','Mensaje de prueba: Soporte pedido.',12,'2025-10-16 17:02:55','2025-10-16 17:02:55'),(26,201,'robertocruz201@example.com','Sugerencia','Mensaje de prueba: Sugerencia.',12,'2025-10-16 17:02:55','2025-10-16 17:02:55'),(27,156,'luiscastro156@example.com','Sugerencia','Mensaje de prueba: Sugerencia.',12,'2025-10-16 17:02:55','2025-10-16 17:02:55'),(28,NULL,'anon@example.com','Reclamo','Mensaje de prueba: Reclamo.',12,'2025-10-16 17:02:55','2025-10-16 17:02:55'),(29,65,'javiermartinez65@example.com','Reclamo','Mensaje de prueba: Reclamo.',10,'2025-10-16 17:02:55','2025-10-16 17:02:55'),(30,300,'lauraortiz300@example.com','Sugerencia','Mensaje de prueba: Sugerencia.',10,'2025-10-16 17:02:55','2025-10-16 17:02:55'),(31,20,'marialopez20@example.com','Información general','Mensaje de prueba: Información general.',12,'2025-10-16 17:02:55','2025-10-16 17:02:55'),(32,NULL,'anon@example.com','Reclamo','Mensaje de prueba: Reclamo.',11,'2025-10-16 17:02:55','2025-10-16 17:02:55'),(33,223,'miguelcruz223@example.com','Reclamo','Mensaje de prueba: Reclamo.',10,'2025-10-16 17:02:55','2025-10-16 17:02:55'),(34,NULL,'anon@example.com','Consulta producto','Mensaje de prueba: Consulta producto.',10,'2025-10-16 17:02:55','2025-10-16 17:02:55'),(35,127,'miguelgarcia127@example.com','Información general','Mensaje de prueba: Información general.',12,'2025-10-16 17:02:55','2025-10-16 17:02:55'),(36,250,'lauracastro250@example.com','Información general','Mensaje de prueba: Información general.',11,'2025-10-16 17:02:55','2025-10-16 17:02:55'),(37,NULL,'anon@example.com','Consulta producto','Mensaje de prueba: Consulta producto.',10,'2025-10-16 17:02:55','2025-10-16 17:02:55'),(38,NULL,'anon@example.com','Reclamo','Mensaje de prueba: Reclamo.',12,'2025-10-16 17:02:55','2025-10-16 17:02:55'),(39,191,'paolacastro191@example.com','Soporte pedido','Mensaje de prueba: Soporte pedido.',10,'2025-10-16 17:02:55','2025-10-16 17:02:55'),(40,183,'alejandrorojas183@example.com','Consulta producto','Mensaje de prueba: Consulta producto.',11,'2025-10-16 17:02:55','2025-10-16 17:02:55'),(41,159,'estebanmedina159@example.com','Reclamo','Mensaje de prueba: Reclamo.',12,'2025-10-16 17:02:55','2025-10-16 17:02:55'),(42,239,'danielarodriguez239@example.com','Reclamo','Mensaje de prueba: Reclamo.',11,'2025-10-16 17:02:55','2025-10-16 17:02:55'),(43,12,'lauraperez12@example.com','Información general','Mensaje de prueba: Información general.',12,'2025-10-16 17:02:55','2025-10-16 17:02:55'),(44,50,'lorenaramirez50@example.com','Soporte pedido','Mensaje de prueba: Soporte pedido.',12,'2025-10-16 17:02:55','2025-10-16 17:02:55'),(45,156,'luiscastro156@example.com','Información general','Mensaje de prueba: Información general.',12,'2025-10-16 17:02:55','2025-10-16 17:02:55'),(46,65,'javiermartinez65@example.com','Sugerencia','Mensaje de prueba: Sugerencia.',12,'2025-10-16 17:02:55','2025-10-16 17:02:55'),(47,6,'sararamirez6@example.com','Soporte pedido','Mensaje de prueba: Soporte pedido.',11,'2025-10-16 17:02:55','2025-10-16 17:02:55'),(48,276,'lorenavega276@example.com','Reclamo','Mensaje de prueba: Reclamo.',11,'2025-10-16 17:02:55','2025-10-16 17:02:55'),(49,95,'camilamartinez95@example.com','Reclamo','Mensaje de prueba: Reclamo.',12,'2025-10-16 17:02:55','2025-10-16 17:02:55'),(50,NULL,'anon@example.com','Sugerencia','Mensaje de prueba: Sugerencia.',10,'2025-10-16 17:02:55','2025-10-16 17:02:55'),(51,135,'alejandrolopez135@example.com','Sugerencia','Mensaje de prueba: Sugerencia.',11,'2025-10-16 17:02:55','2025-10-16 17:02:55'),(52,68,'anamorales68@example.com','Reclamo','Mensaje de prueba: Reclamo.',11,'2025-10-16 17:02:55','2025-10-16 17:02:55'),(53,NULL,'anon@example.com','Información general','Mensaje de prueba: Información general.',11,'2025-10-16 17:02:55','2025-10-16 17:02:55'),(54,157,'camilasilva157@example.com','Soporte pedido','Mensaje de prueba: Soporte pedido.',11,'2025-10-16 17:02:55','2025-10-16 17:02:55'),(55,NULL,'anon@example.com','Sugerencia','Mensaje de prueba: Sugerencia.',12,'2025-10-16 17:02:55','2025-10-16 17:02:55'),(56,NULL,'anon@example.com','Sugerencia','Mensaje de prueba: Sugerencia.',10,'2025-10-16 17:02:55','2025-10-16 17:02:55'),(57,NULL,'anon@example.com','Información general','Mensaje de prueba: Información general.',11,'2025-10-16 17:02:55','2025-10-16 17:02:55'),(58,14,'sofiarodriguez14@example.com','Consulta producto','Mensaje de prueba: Consulta producto.',11,'2025-10-16 17:02:55','2025-10-16 17:02:55'),(59,222,'javierramirez222@example.com','Soporte pedido','Mensaje de prueba: Soporte pedido.',12,'2025-10-16 17:02:55','2025-10-16 17:02:55'),(60,204,'miguelrojas204@example.com','Reclamo','Mensaje de prueba: Reclamo.',11,'2025-10-16 17:02:55','2025-10-16 17:02:55'),(61,178,'luismorales178@example.com','Información general','Mensaje de prueba: Información general.',10,'2025-10-16 17:02:55','2025-10-16 17:02:55'),(62,233,'sarasilva233@example.com','Información general','Mensaje de prueba: Información general.',10,'2025-10-16 17:02:55','2025-10-16 17:02:55'),(63,131,'mauriciogarcia131@example.com','Soporte pedido','Mensaje de prueba: Soporte pedido.',10,'2025-10-16 17:02:55','2025-10-16 17:02:55'),(64,208,'luiscastro208@example.com','Consulta producto','Mensaje de prueba: Consulta producto.',12,'2025-10-16 17:02:55','2025-10-16 17:02:55'),(65,194,'andreacruz194@example.com','Consulta producto','Mensaje de prueba: Consulta producto.',12,'2025-10-16 17:02:55','2025-10-16 17:02:55'),(66,NULL,'anon@example.com','Reclamo','Mensaje de prueba: Reclamo.',11,'2025-10-16 17:02:55','2025-10-16 17:02:55'),(67,NULL,'anon@example.com','Consulta producto','Mensaje de prueba: Consulta producto.',10,'2025-10-16 17:02:55','2025-10-16 17:02:55'),(68,293,'javieralvarez293@example.com','Consulta producto','Mensaje de prueba: Consulta producto.',11,'2025-10-16 17:02:55','2025-10-16 17:02:55'),(69,280,'nataliarodriguez280@example.com','Soporte pedido','Mensaje de prueba: Soporte pedido.',12,'2025-10-16 17:02:55','2025-10-16 17:02:55'),(70,166,'diegocastro166@example.com','Consulta producto','Mensaje de prueba: Consulta producto.',10,'2025-10-16 17:02:55','2025-10-16 17:02:55'),(71,35,'alejandrogomez35@example.com','Información general','Mensaje de prueba: Información general.',11,'2025-10-16 17:02:55','2025-10-16 17:02:55'),(72,258,'andresmorales258@example.com','Información general','Mensaje de prueba: Información general.',10,'2025-10-16 17:02:55','2025-10-16 17:02:55'),(73,21,'marialopez21@example.com','Sugerencia','Mensaje de prueba: Sugerencia.',12,'2025-10-16 17:02:55','2025-10-16 17:02:55'),(74,NULL,'anon@example.com','Consulta producto','Mensaje de prueba: Consulta producto.',11,'2025-10-16 17:02:55','2025-10-16 17:02:55'),(75,34,'lorenamartinez34@example.com','Consulta producto','Mensaje de prueba: Consulta producto.',10,'2025-10-16 17:02:55','2025-10-16 17:02:55'),(76,NULL,'anon@example.com','Sugerencia','Mensaje de prueba: Sugerencia.',12,'2025-10-16 17:02:55','2025-10-16 17:02:55'),(77,251,'andreamorales251@example.com','Reclamo','Mensaje de prueba: Reclamo.',11,'2025-10-16 17:02:55','2025-10-16 17:02:55'),(78,NULL,'anon@example.com','Consulta producto','Mensaje de prueba: Consulta producto.',10,'2025-10-16 17:02:55','2025-10-16 17:02:55'),(79,67,'mauriciocruz67@example.com','Soporte pedido','Mensaje de prueba: Soporte pedido.',10,'2025-10-16 17:02:55','2025-10-16 17:02:55'),(80,3,'supervisorkahua@kahua.local','Soporte pedido','Mensaje de prueba: Soporte pedido.',12,'2025-10-16 17:02:55','2025-10-16 17:02:55'),(81,144,'carlosrodriguez144@example.com','Reclamo','Mensaje de prueba: Reclamo.',12,'2025-10-16 17:02:55','2025-10-16 17:02:55'),(82,9,'andreamorales9@example.com','Consulta producto','Mensaje de prueba: Consulta producto.',12,'2025-10-16 17:02:55','2025-10-16 17:02:55'),(83,128,'mauriciosilva128@example.com','Consulta producto','Mensaje de prueba: Consulta producto.',11,'2025-10-16 17:02:55','2025-10-16 17:02:55'),(84,257,'javiergarcia257@example.com','Reclamo','Mensaje de prueba: Reclamo.',12,'2025-10-16 17:02:55','2025-10-16 17:02:55'),(85,NULL,'anon@example.com','Sugerencia','Mensaje de prueba: Sugerencia.',11,'2025-10-16 17:02:55','2025-10-16 17:02:55'),(86,273,'diegosilva273@example.com','Consulta producto','Mensaje de prueba: Consulta producto.',10,'2025-10-16 17:02:55','2025-10-16 17:02:55'),(87,4,'soportekahua@kahua.local','Información general','Mensaje de prueba: Información general.',12,'2025-10-16 17:02:55','2025-10-16 17:02:55'),(88,173,'carlosortiz173@example.com','Información general','Mensaje de prueba: Información general.',12,'2025-10-16 17:02:55','2025-10-16 17:02:55'),(89,76,'migueltorres76@example.com','Reclamo','Mensaje de prueba: Reclamo.',11,'2025-10-16 17:02:55','2025-10-16 17:02:55'),(90,57,'andreagarcia57@example.com','Información general','Mensaje de prueba: Información general.',10,'2025-10-16 17:02:55','2025-10-16 17:02:55'),(91,268,'diegocastro268@example.com','Sugerencia','Mensaje de prueba: Sugerencia.',12,'2025-10-16 17:02:55','2025-10-16 17:02:55'),(92,127,'miguelgarcia127@example.com','Reclamo','Mensaje de prueba: Reclamo.',11,'2025-10-16 17:02:55','2025-10-16 17:02:55'),(93,259,'luciaramirez259@example.com','Reclamo','Mensaje de prueba: Reclamo.',10,'2025-10-16 17:02:55','2025-10-16 17:02:55'),(94,294,'miguelhernandez294@example.com','Reclamo','Mensaje de prueba: Reclamo.',10,'2025-10-16 17:02:55','2025-10-16 17:02:55'),(95,165,'juancruz165@example.com','Sugerencia','Mensaje de prueba: Sugerencia.',11,'2025-10-16 17:02:55','2025-10-16 17:02:55'),(96,NULL,'anon@example.com','Información general','Mensaje de prueba: Información general.',12,'2025-10-16 17:02:55','2025-10-16 17:02:55'),(97,10,'alejandrosilva10@example.com','Consulta producto','Mensaje de prueba: Consulta producto.',10,'2025-10-16 17:02:55','2025-10-16 17:02:55'),(98,37,'anasilva37@example.com','Información general','Mensaje de prueba: Información general.',10,'2025-10-16 17:02:55','2025-10-16 17:02:55'),(99,246,'diegogomez246@example.com','Información general','Mensaje de prueba: Información general.',12,'2025-10-16 17:02:55','2025-10-16 17:02:55'),(100,116,'estebanmorales116@example.com','Soporte pedido','Mensaje de prueba: Soporte pedido.',12,'2025-10-16 17:02:55','2025-10-16 17:02:55'),(101,86,'robertovega86@example.com','Consulta producto','Mensaje de prueba: Consulta producto.',12,'2025-10-16 17:02:55','2025-10-16 17:02:55'),(102,273,'diegosilva273@example.com','Información general','Mensaje de prueba: Información general.',10,'2025-10-16 17:02:55','2025-10-16 17:02:55'),(103,NULL,'anon@example.com','Soporte pedido','Mensaje de prueba: Soporte pedido.',10,'2025-10-16 17:02:55','2025-10-16 17:02:55'),(104,170,'santiagocruz170@example.com','Reclamo','Mensaje de prueba: Reclamo.',11,'2025-10-16 17:02:55','2025-10-16 17:02:55'),(105,261,'paolamartinez261@example.com','Consulta producto','Mensaje de prueba: Consulta producto.',12,'2025-10-16 17:02:55','2025-10-16 17:02:55'),(106,152,'santiagosilva152@example.com','Reclamo','Mensaje de prueba: Reclamo.',10,'2025-10-16 17:02:55','2025-10-16 17:02:55'),(107,261,'paolamartinez261@example.com','Información general','Mensaje de prueba: Información general.',11,'2025-10-16 17:02:55','2025-10-16 17:02:55'),(108,72,'camilaalvarez72@example.com','Soporte pedido','Mensaje de prueba: Soporte pedido.',10,'2025-10-16 17:02:55','2025-10-16 17:02:55'),(109,238,'andresdiaz238@example.com','Consulta producto','Mensaje de prueba: Consulta producto.',10,'2025-10-16 17:02:55','2025-10-16 17:02:55'),(110,72,'camilaalvarez72@example.com','Soporte pedido','Mensaje de prueba: Soporte pedido.',12,'2025-10-16 17:02:55','2025-10-16 17:02:55'),(111,237,'camiladiaz237@example.com','Sugerencia','Mensaje de prueba: Sugerencia.',11,'2025-10-16 17:02:55','2025-10-16 17:02:55'),(112,253,'mariaperez253@example.com','Información general','Mensaje de prueba: Información general.',10,'2025-10-16 17:02:55','2025-10-16 17:02:55'),(113,120,'marcoslopez120@example.com','Información general','Mensaje de prueba: Información general.',12,'2025-10-16 17:02:55','2025-10-16 17:02:55'),(114,147,'nataliatorres147@example.com','Soporte pedido','Mensaje de prueba: Soporte pedido.',11,'2025-10-16 17:02:55','2025-10-16 17:02:55'),(115,127,'miguelgarcia127@example.com','Reclamo','Mensaje de prueba: Reclamo.',12,'2025-10-16 17:02:55','2025-10-16 17:02:55'),(116,245,'luisvega245@example.com','Soporte pedido','Mensaje de prueba: Soporte pedido.',10,'2025-10-16 17:02:55','2025-10-16 17:02:55'),(117,270,'luisgarcia270@example.com','Sugerencia','Mensaje de prueba: Sugerencia.',12,'2025-10-16 17:02:55','2025-10-16 17:02:55'),(118,181,'felipeperez181@example.com','Reclamo','Mensaje de prueba: Reclamo.',10,'2025-10-16 17:02:55','2025-10-16 17:02:55'),(119,35,'alejandrogomez35@example.com','Consulta producto','Mensaje de prueba: Consulta producto.',11,'2025-10-16 17:02:55','2025-10-16 17:02:55'),(120,249,'alejandrovega249@example.com','Información general','Mensaje de prueba: Información general.',12,'2025-10-16 17:02:55','2025-10-16 17:02:55');
/*!40000 ALTER TABLE `contact_messages` ENABLE KEYS */;
UNLOCK TABLES;

--
-- Table structure for table `departments`
--

DROP TABLE IF EXISTS `departments`;
/*!40101 SET @saved_cs_client     = @@character_set_client */;
/*!50503 SET character_set_client = utf8mb4 */;
CREATE TABLE `departments` (
  `id` int NOT NULL AUTO_INCREMENT,
  `name` varchar(120) CHARACTER SET utf8mb4 COLLATE utf8mb4_unicode_ci NOT NULL,
  `code` varchar(30) CHARACTER SET utf8mb4 COLLATE utf8mb4_unicode_ci DEFAULT NULL,
  PRIMARY KEY (`id`),
  UNIQUE KEY `name` (`name`)
) ENGINE=InnoDB AUTO_INCREMENT=34 DEFAULT CHARSET=utf8mb4 COLLATE=utf8mb4_unicode_ci;
/*!40101 SET character_set_client = @saved_cs_client */;

--
-- Dumping data for table `departments`
--

LOCK TABLES `departments` WRITE;
/*!40000 ALTER TABLE `departments` DISABLE KEYS */;
INSERT INTO `departments` VALUES (1,'Chocó','27'),(2,'Antioquia','05'),(3,'Cundinamarca','25'),(4,'Amazonas','91'),(5,'Arauca','81'),(6,'Atlántico','08'),(7,'Bogotá D.C.','11'),(8,'Bolívar','13'),(9,'Boyacá','15'),(10,'Caldas','17'),(11,'Caquetá','18'),(12,'Casanare','85'),(13,'Cauca','19'),(14,'Cesar','20'),(15,'Córdoba','23'),(16,'Guainía','94'),(17,'Guaviare','95'),(18,'Huila','41'),(19,'La Guajira','44'),(20,'Magdalena','47'),(21,'Meta','50'),(22,'Nariño','52'),(23,'Norte de Santander','54'),(24,'Putumayo','86'),(25,'Quindío','63'),(26,'Risaralda','66'),(27,'San Andrés, Providencia y Santa Catalina','88'),(28,'Santander','68'),(29,'Sucre','70'),(30,'Tolima','73'),(31,'Valle del Cauca','76'),(32,'Vaupés','97'),(33,'Vichada','99');
/*!40000 ALTER TABLE `departments` ENABLE KEYS */;
UNLOCK TABLES;

--
-- Table structure for table `identification_types`
--

DROP TABLE IF EXISTS `identification_types`;
/*!40101 SET @saved_cs_client     = @@character_set_client */;
/*!50503 SET character_set_client = utf8mb4 */;
CREATE TABLE `identification_types` (
  `id` int NOT NULL AUTO_INCREMENT,
  `code` varchar(10) CHARACTER SET utf8mb4 COLLATE utf8mb4_unicode_ci NOT NULL,
  `name` varchar(100) CHARACTER SET utf8mb4 COLLATE utf8mb4_unicode_ci NOT NULL,
  PRIMARY KEY (`id`),
  UNIQUE KEY `uk_identification_code` (`code`)
) ENGINE=InnoDB AUTO_INCREMENT=4 DEFAULT CHARSET=utf8mb4 COLLATE=utf8mb4_unicode_ci;
/*!40101 SET character_set_client = @saved_cs_client */;

--
-- Dumping data for table `identification_types`
--

LOCK TABLES `identification_types` WRITE;
/*!40000 ALTER TABLE `identification_types` DISABLE KEYS */;
INSERT INTO `identification_types` VALUES (1,'CC','Cédula de ciudadanía'),(2,'TI','Tarjeta de identidad'),(3,'CE','Cédula de extranjería');
/*!40000 ALTER TABLE `identification_types` ENABLE KEYS */;
UNLOCK TABLES;

--
-- Table structure for table `order_items`
--

DROP TABLE IF EXISTS `order_items`;
/*!40101 SET @saved_cs_client     = @@character_set_client */;
/*!50503 SET character_set_client = utf8mb4 */;
CREATE TABLE `order_items` (
  `id` bigint NOT NULL AUTO_INCREMENT,
  `order_id` bigint NOT NULL,
  `product_id` bigint NOT NULL,
  `qty` int NOT NULL DEFAULT '1',
  `unit_price` decimal(12,2) NOT NULL,
  `subtotal` decimal(12,2) NOT NULL,
  PRIMARY KEY (`id`),
  KEY `idx_order_items_order` (`order_id`),
  KEY `idx_order_items_product` (`product_id`),
  CONSTRAINT `fk_oi_order` FOREIGN KEY (`order_id`) REFERENCES `orders` (`id`) ON DELETE CASCADE ON UPDATE CASCADE,
  CONSTRAINT `fk_oi_product` FOREIGN KEY (`product_id`) REFERENCES `products` (`id`) ON DELETE RESTRICT ON UPDATE CASCADE
) ENGINE=InnoDB AUTO_INCREMENT=617 DEFAULT CHARSET=utf8mb4 COLLATE=utf8mb4_unicode_ci;
/*!40101 SET character_set_client = @saved_cs_client */;

--
-- Dumping data for table `order_items`
--

LOCK TABLES `order_items` WRITE;
/*!40000 ALTER TABLE `order_items` DISABLE KEYS */;
INSERT INTO `order_items` VALUES (1,1,24,2,4209.00,8418.00),(2,2,37,3,6213.00,18639.00),(3,2,84,1,4995.00,4995.00),(4,2,4,3,3503.00,10509.00),(5,2,6,2,4038.00,8076.00),(6,3,87,2,6935.00,13870.00),(7,3,80,1,4833.00,4833.00),(8,4,48,3,6312.00,18936.00),(9,4,105,3,4265.00,12795.00),(10,4,11,2,3903.00,7806.00),(11,5,98,1,4379.00,4379.00),(12,5,34,3,7956.00,23868.00),(13,6,60,3,5100.00,15300.00),(14,6,95,1,4800.00,4800.00),(15,6,113,2,7527.00,15054.00),(16,6,59,3,8269.00,24807.00),(17,7,101,1,2095.00,2095.00),(18,8,111,2,5723.00,11446.00),(19,9,84,2,4995.00,9990.00),(20,9,34,3,7956.00,23868.00),(21,9,79,3,9132.00,27396.00),(22,10,74,3,7395.00,22185.00),(23,10,16,2,7270.00,14540.00),(24,10,65,2,6733.00,13466.00),(25,10,110,2,5727.00,11454.00),(26,11,97,3,3311.00,9933.00),(27,11,41,2,7969.00,15938.00),(28,11,2,1,8790.00,8790.00),(29,12,60,1,5100.00,5100.00),(30,12,100,3,2723.00,8169.00),(31,12,35,1,8412.00,8412.00),(32,12,11,3,3903.00,11709.00),(33,13,25,1,5775.00,5775.00),(34,13,20,3,5205.00,15615.00),(35,13,74,3,7395.00,22185.00),(36,13,105,1,4265.00,4265.00),(37,14,107,1,7896.00,7896.00),(38,14,91,2,4945.00,9890.00),(39,14,60,3,5100.00,15300.00),(40,14,50,1,8317.00,8317.00),(41,15,26,2,8229.00,16458.00),(42,15,111,2,5723.00,11446.00),(43,16,97,1,3311.00,3311.00),(44,16,72,3,7730.00,23190.00),(45,16,86,1,7255.00,7255.00),(46,16,70,2,6083.00,12166.00),(47,17,25,1,5775.00,5775.00),(48,17,39,1,8069.00,8069.00),(49,18,93,1,4894.00,4894.00),(50,18,102,1,4176.00,4176.00),(51,19,110,3,5727.00,17181.00),(52,20,63,3,4618.00,13854.00),(53,20,15,3,5367.00,16101.00),(54,20,28,3,7159.00,21477.00),(55,20,109,1,5921.00,5921.00),(56,21,15,3,5367.00,16101.00),(57,21,24,1,4209.00,4209.00),(58,22,57,3,5617.00,16851.00),(59,22,115,1,5575.00,5575.00),(60,22,75,1,6737.00,6737.00),(61,22,5,2,6577.00,13154.00),(62,23,2,2,8790.00,17580.00),(63,24,73,3,6525.00,19575.00),(64,24,79,3,9132.00,27396.00),(65,25,33,3,6320.00,18960.00),(66,26,17,1,7757.00,7757.00),(67,26,104,3,4391.00,13173.00),(68,26,82,3,9031.00,27093.00),(69,26,82,1,9031.00,9031.00),(70,27,20,3,5205.00,15615.00),(71,27,114,1,6530.00,6530.00),(72,27,97,1,3311.00,3311.00),(73,28,96,2,5229.00,10458.00),(74,28,77,2,9336.00,18672.00),(75,29,46,1,8039.00,8039.00),(76,29,105,3,4265.00,12795.00),(77,29,89,1,9475.00,9475.00),(78,30,81,2,6150.00,12300.00),(79,30,100,3,2723.00,8169.00),(80,31,111,1,5723.00,5723.00),(81,31,93,1,4894.00,4894.00),(82,31,34,3,7956.00,23868.00),(83,31,14,2,5051.00,10102.00),(84,32,1,2,8069.00,16138.00),(85,32,47,3,7614.00,22842.00),(86,33,73,1,6525.00,6525.00),(87,33,102,3,4176.00,12528.00),(88,34,89,2,9475.00,18950.00),(89,34,115,3,5575.00,16725.00),(90,34,14,1,5051.00,5051.00),(91,35,10,2,4313.00,8626.00),(92,35,94,2,5428.00,10856.00),(93,35,35,2,8412.00,16824.00),(94,35,95,1,4800.00,4800.00),(95,36,75,3,6737.00,20211.00),(96,37,53,1,5195.00,5195.00),(97,37,76,3,5209.00,15627.00),(98,37,107,2,7896.00,15792.00),(99,37,82,3,9031.00,27093.00),(100,38,65,1,6733.00,6733.00),(101,38,56,3,8192.00,24576.00),(102,38,61,1,4911.00,4911.00),(103,39,64,3,6476.00,19428.00),(104,39,34,2,7956.00,15912.00),(105,39,104,1,4391.00,4391.00),(106,39,78,3,9724.00,29172.00),(107,40,29,3,7239.00,21717.00),(108,40,31,3,8864.00,26592.00),(109,40,107,2,7896.00,15792.00),(110,41,78,1,9724.00,9724.00),(111,41,35,3,8412.00,25236.00),(112,42,90,1,6078.00,6078.00),(113,42,75,1,6737.00,6737.00),(114,42,104,1,4391.00,4391.00),(115,43,15,1,5367.00,5367.00),(116,43,24,3,4209.00,12627.00),(117,43,2,3,8790.00,26370.00),(118,44,90,3,6078.00,18234.00),(119,44,1,1,8069.00,8069.00),(120,45,37,3,6213.00,18639.00),(121,46,51,1,7638.00,7638.00),(122,47,86,3,7255.00,21765.00),(123,47,32,3,6213.00,18639.00),(124,48,10,3,4313.00,12939.00),(125,48,99,3,5114.00,15342.00),(126,49,115,3,5575.00,16725.00),(127,49,71,1,3581.00,3581.00),(128,49,35,3,8412.00,25236.00),(129,50,96,1,5229.00,5229.00),(130,51,20,3,5205.00,15615.00),(131,52,36,1,4818.00,4818.00),(132,52,64,3,6476.00,19428.00),(133,52,71,2,3581.00,7162.00),(134,52,29,1,7239.00,7239.00),(135,53,99,1,5114.00,5114.00),(136,53,16,3,7270.00,21810.00),(137,53,58,1,3593.00,3593.00),(138,54,49,1,5518.00,5518.00),(139,55,55,2,8677.00,17354.00),(140,55,26,1,8229.00,8229.00),(141,55,43,2,3502.00,7004.00),(142,56,114,1,6530.00,6530.00),(143,57,35,2,8412.00,16824.00),(144,57,50,3,8317.00,24951.00),(145,58,40,2,8960.00,17920.00),(146,58,102,3,4176.00,12528.00),(147,58,36,1,4818.00,4818.00),(148,59,12,2,8036.00,16072.00),(149,59,55,3,8677.00,26031.00),(150,59,25,2,5775.00,11550.00),(151,59,33,2,6320.00,12640.00),(152,60,107,2,7896.00,15792.00),(153,60,83,3,4059.00,12177.00),(154,61,84,2,4995.00,9990.00),(155,62,108,1,5775.00,5775.00),(156,62,51,2,7638.00,15276.00),(157,62,84,1,4995.00,4995.00),(158,62,40,2,8960.00,17920.00),(159,63,82,1,9031.00,9031.00),(160,64,67,1,5010.00,5010.00),(161,65,101,1,2095.00,2095.00),(162,65,64,2,6476.00,12952.00),(163,65,4,2,3503.00,7006.00),(164,65,67,3,5010.00,15030.00),(165,66,50,1,8317.00,8317.00),(166,66,82,1,9031.00,9031.00),(167,66,33,1,6320.00,6320.00),(168,67,34,3,7956.00,23868.00),(169,67,75,2,6737.00,13474.00),(170,68,34,3,7956.00,23868.00),(171,68,104,1,4391.00,4391.00),(172,68,35,1,8412.00,8412.00),(173,69,67,1,5010.00,5010.00),(174,69,102,3,4176.00,12528.00),(175,70,108,3,5775.00,17325.00),(176,70,5,1,6577.00,6577.00),(177,70,27,3,6155.00,18465.00),(178,70,63,3,4618.00,13854.00),(179,71,46,3,8039.00,24117.00),(180,71,27,3,6155.00,18465.00),(181,71,35,1,8412.00,8412.00),(182,72,11,2,3903.00,7806.00),(183,73,15,1,5367.00,5367.00),(184,73,1,1,8069.00,8069.00),(185,73,22,3,4450.00,13350.00),(186,73,73,3,6525.00,19575.00),(187,74,34,2,7956.00,15912.00),(188,74,14,2,5051.00,10102.00),(189,74,33,1,6320.00,6320.00),(190,74,29,3,7239.00,21717.00),(191,75,97,3,3311.00,9933.00),(192,75,27,1,6155.00,6155.00),(193,75,27,3,6155.00,18465.00),(194,76,63,2,4618.00,9236.00),(195,76,112,2,7799.00,15598.00),(196,77,49,3,5518.00,16554.00),(197,78,8,3,3855.00,11565.00),(198,79,87,2,6935.00,13870.00),(199,80,93,1,4894.00,4894.00),(200,80,18,2,8379.00,16758.00),(201,81,1,2,8069.00,16138.00),(202,81,20,2,5205.00,10410.00),(203,82,4,3,3503.00,10509.00),(204,82,59,3,8269.00,24807.00),(205,83,37,1,6213.00,6213.00),(206,83,103,1,5362.00,5362.00),(207,83,43,2,3502.00,7004.00),(208,84,91,3,4945.00,14835.00),(209,84,57,1,5617.00,5617.00),(210,84,54,3,5248.00,15744.00),(211,84,105,2,4265.00,8530.00),(212,85,42,1,8120.00,8120.00),(213,86,43,3,3502.00,10506.00),(214,87,64,3,6476.00,19428.00),(215,87,67,1,5010.00,5010.00),(216,87,85,3,9346.00,28038.00),(217,88,46,3,8039.00,24117.00),(218,89,78,2,9724.00,19448.00),(219,90,28,2,7159.00,14318.00),(220,90,77,2,9336.00,18672.00),(221,90,38,3,6457.00,19371.00),(222,91,51,2,7638.00,15276.00),(223,91,17,2,7757.00,15514.00),(224,91,16,1,7270.00,7270.00),(225,91,34,2,7956.00,15912.00),(226,92,99,1,5114.00,5114.00),(227,92,9,2,5233.00,10466.00),(228,93,38,1,6457.00,6457.00),(229,93,45,2,8325.00,16650.00),(230,94,17,2,7757.00,15514.00),(231,94,93,2,4894.00,9788.00),(232,95,87,2,6935.00,13870.00),(233,95,90,1,6078.00,6078.00),(234,95,50,1,8317.00,8317.00),(235,95,38,2,6457.00,12914.00),(236,96,58,2,3593.00,7186.00),(237,97,57,2,5617.00,11234.00),(238,97,79,3,9132.00,27396.00),(239,98,29,3,7239.00,21717.00),(240,98,108,3,5775.00,17325.00),(241,99,63,1,4618.00,4618.00),(242,100,23,1,8027.00,8027.00),(243,100,10,2,4313.00,8626.00),(244,101,40,1,8960.00,8960.00),(245,101,107,3,7896.00,23688.00),(246,101,44,1,8611.00,8611.00),(247,102,40,1,8960.00,8960.00),(248,102,24,1,4209.00,4209.00),(249,102,50,2,8317.00,16634.00),(250,102,80,3,4833.00,14499.00),(251,103,45,3,8325.00,24975.00),(252,103,108,2,5775.00,11550.00),(253,103,36,3,4818.00,14454.00),(254,104,56,3,8192.00,24576.00),(255,104,29,1,7239.00,7239.00),(256,104,39,3,8069.00,24207.00),(257,105,36,1,4818.00,4818.00),(258,105,97,1,3311.00,3311.00),(259,105,17,2,7757.00,15514.00),(260,106,89,2,9475.00,18950.00),(261,107,110,2,5727.00,11454.00),(262,107,12,3,8036.00,24108.00),(263,107,114,1,6530.00,6530.00),(264,107,47,1,7614.00,7614.00),(265,108,85,3,9346.00,28038.00),(266,108,13,3,4047.00,12141.00),(267,109,56,3,8192.00,24576.00),(268,109,104,3,4391.00,13173.00),(269,110,75,1,6737.00,6737.00),(270,110,62,2,6081.00,12162.00),(271,111,11,3,3903.00,11709.00),(272,111,54,1,5248.00,5248.00),(273,111,18,3,8379.00,25137.00),(274,111,33,3,6320.00,18960.00),(275,112,36,1,4818.00,4818.00),(276,112,59,3,8269.00,24807.00),(277,112,52,3,3771.00,11313.00),(278,113,73,1,6525.00,6525.00),(279,114,51,3,7638.00,22914.00),(280,114,70,2,6083.00,12166.00),(281,114,64,2,6476.00,12952.00),(282,115,101,3,2095.00,6285.00),(283,116,52,1,3771.00,3771.00),(284,117,18,2,8379.00,16758.00),(285,117,56,2,8192.00,16384.00),(286,117,71,3,3581.00,10743.00),(287,118,81,3,6150.00,18450.00),(288,118,77,1,9336.00,9336.00),(289,119,105,1,4265.00,4265.00),(290,119,81,2,6150.00,12300.00),(291,119,50,2,8317.00,16634.00),(292,120,31,3,8864.00,26592.00),(293,120,80,3,4833.00,14499.00),(294,120,7,1,6783.00,6783.00),(295,121,99,2,5114.00,10228.00),(296,121,36,1,4818.00,4818.00),(297,121,93,2,4894.00,9788.00),(298,122,89,2,9475.00,18950.00),(299,122,14,1,5051.00,5051.00),(300,123,100,1,2723.00,2723.00),(301,124,10,2,4313.00,8626.00),(302,124,111,2,5723.00,11446.00),(303,125,21,3,5494.00,16482.00),(304,125,61,1,4911.00,4911.00),(305,126,104,1,4391.00,4391.00),(306,126,54,1,5248.00,5248.00),(307,127,49,1,5518.00,5518.00),(308,127,110,3,5727.00,17181.00),(309,128,45,2,8325.00,16650.00),(310,128,4,2,3503.00,7006.00),(311,128,113,1,7527.00,7527.00),(312,129,27,1,6155.00,6155.00),(313,130,8,1,3855.00,3855.00),(314,130,74,1,7395.00,7395.00),(315,130,72,2,7730.00,15460.00),(316,130,2,3,8790.00,26370.00),(317,131,113,1,7527.00,7527.00),(318,131,113,3,7527.00,22581.00),(319,131,59,3,8269.00,24807.00),(320,131,89,3,9475.00,28425.00),(321,132,21,3,5494.00,16482.00),(322,132,43,2,3502.00,7004.00),(323,132,76,3,5209.00,15627.00),(324,133,56,2,8192.00,16384.00),(325,133,66,1,8454.00,8454.00),(326,133,17,1,7757.00,7757.00),(327,134,40,2,8960.00,17920.00),(328,134,53,1,5195.00,5195.00),(329,134,48,3,6312.00,18936.00),(330,134,44,2,8611.00,17222.00),(331,135,38,2,6457.00,12914.00),(332,135,71,2,3581.00,7162.00),(333,135,59,3,8269.00,24807.00),(334,135,46,3,8039.00,24117.00),(335,136,29,1,7239.00,7239.00),(336,137,85,3,9346.00,28038.00),(337,137,3,3,4919.00,14757.00),(338,137,82,1,9031.00,9031.00),(339,137,21,1,5494.00,5494.00),(340,138,69,2,5470.00,10940.00),(341,139,108,2,5775.00,11550.00),(342,139,49,1,5518.00,5518.00),(343,139,39,2,8069.00,16138.00),(344,139,105,2,4265.00,8530.00),(345,140,14,1,5051.00,5051.00),(346,140,43,1,3502.00,3502.00),(347,140,50,1,8317.00,8317.00),(348,141,106,3,7659.00,22977.00),(349,141,59,3,8269.00,24807.00),(350,141,89,3,9475.00,28425.00),(351,142,5,3,6577.00,19731.00),(352,142,44,1,8611.00,8611.00),(353,142,49,1,5518.00,5518.00),(354,143,96,2,5229.00,10458.00),(355,143,8,3,3855.00,11565.00),(356,143,112,3,7799.00,23397.00),(357,144,66,2,8454.00,16908.00),(358,144,107,2,7896.00,15792.00),(359,145,15,2,5367.00,10734.00),(360,145,88,1,10057.00,10057.00),(361,145,97,3,3311.00,9933.00),(362,146,45,1,8325.00,8325.00),(363,146,59,3,8269.00,24807.00),(364,147,93,3,4894.00,14682.00),(365,147,69,1,5470.00,5470.00),(366,147,36,3,4818.00,14454.00),(367,147,16,1,7270.00,7270.00),(368,148,13,3,4047.00,12141.00),(369,148,9,2,5233.00,10466.00),(370,148,101,1,2095.00,2095.00),(371,149,35,2,8412.00,16824.00),(372,150,4,2,3503.00,7006.00),(373,150,113,1,7527.00,7527.00),(374,150,89,1,9475.00,9475.00),(375,151,75,2,6737.00,13474.00),(376,151,62,3,6081.00,18243.00),(377,152,111,2,5723.00,11446.00),(378,152,15,3,5367.00,16101.00),(379,152,83,1,4059.00,4059.00),(380,152,66,3,8454.00,25362.00),(381,153,105,2,4265.00,8530.00),(382,153,17,2,7757.00,15514.00),(383,153,7,2,6783.00,13566.00),(384,153,82,2,9031.00,18062.00),(385,154,33,2,6320.00,12640.00),(386,154,82,2,9031.00,18062.00),(387,154,13,2,4047.00,8094.00),(388,155,27,2,6155.00,12310.00),(389,155,48,2,6312.00,12624.00),(390,155,23,3,8027.00,24081.00),(391,156,103,3,5362.00,16086.00),(392,156,91,3,4945.00,14835.00),(393,156,104,3,4391.00,13173.00),(394,157,34,1,7956.00,7956.00),(395,157,104,3,4391.00,13173.00),(396,158,92,3,7768.00,23304.00),(397,158,77,2,9336.00,18672.00),(398,158,22,1,4450.00,4450.00),(399,159,42,2,8120.00,16240.00),(400,159,78,1,9724.00,9724.00),(401,160,30,2,4092.00,8184.00),(402,160,63,1,4618.00,4618.00),(403,160,36,3,4818.00,14454.00),(404,161,109,3,5921.00,17763.00),(405,161,65,1,6733.00,6733.00),(406,161,5,1,6577.00,6577.00),(407,161,86,3,7255.00,21765.00),(408,162,108,1,5775.00,5775.00),(409,162,91,3,4945.00,14835.00),(410,162,104,1,4391.00,4391.00),(411,163,66,3,8454.00,25362.00),(412,164,107,1,7896.00,7896.00),(413,165,36,3,4818.00,14454.00),(414,165,78,1,9724.00,9724.00),(415,165,12,3,8036.00,24108.00),(416,165,35,1,8412.00,8412.00),(417,166,69,3,5470.00,16410.00),(418,166,72,2,7730.00,15460.00),(419,166,35,3,8412.00,25236.00),(420,167,32,3,6213.00,18639.00),(421,168,9,1,5233.00,5233.00),(422,168,73,2,6525.00,13050.00),(423,168,107,3,7896.00,23688.00),(424,168,113,2,7527.00,15054.00),(425,169,24,3,4209.00,12627.00),(426,169,80,1,4833.00,4833.00),(427,169,81,3,6150.00,18450.00),(428,169,74,2,7395.00,14790.00),(429,170,95,1,4800.00,4800.00),(430,170,35,1,8412.00,8412.00),(431,170,36,2,4818.00,9636.00),(432,171,15,1,5367.00,5367.00),(433,171,20,1,5205.00,5205.00),(434,172,3,1,4919.00,4919.00),(435,172,15,1,5367.00,5367.00),(436,172,114,3,6530.00,19590.00),(437,172,108,2,5775.00,11550.00),(438,173,3,1,4919.00,4919.00),(439,173,57,3,5617.00,16851.00),(440,174,32,2,6213.00,12426.00),(441,174,13,3,4047.00,12141.00),(442,175,72,1,7730.00,7730.00),(443,176,58,3,3593.00,10779.00),(444,177,14,1,5051.00,5051.00),(445,178,58,3,3593.00,10779.00),(446,178,13,3,4047.00,12141.00),(447,178,51,1,7638.00,7638.00),(448,179,104,1,4391.00,4391.00),(449,179,30,2,4092.00,8184.00),(450,179,101,3,2095.00,6285.00),(451,180,23,2,8027.00,16054.00),(452,181,19,2,7973.00,15946.00),(453,181,50,3,8317.00,24951.00),(454,182,55,2,8677.00,17354.00),(455,183,11,3,3903.00,11709.00),(456,183,88,1,10057.00,10057.00),(457,184,112,1,7799.00,7799.00),(458,185,30,2,4092.00,8184.00),(459,185,30,3,4092.00,12276.00),(460,186,9,1,5233.00,5233.00),(461,186,5,2,6577.00,13154.00),(462,186,39,1,8069.00,8069.00),(463,187,98,1,4379.00,4379.00),(464,188,105,1,4265.00,4265.00),(465,188,34,3,7956.00,23868.00),(466,188,87,1,6935.00,6935.00),(467,189,107,1,7896.00,7896.00),(468,189,73,2,6525.00,13050.00),(469,190,53,2,5195.00,10390.00),(470,190,101,2,2095.00,4190.00),(471,190,85,2,9346.00,18692.00),(472,190,59,2,8269.00,16538.00),(473,191,69,3,5470.00,16410.00),(474,191,97,1,3311.00,3311.00),(475,191,79,2,9132.00,18264.00),(476,192,70,1,6083.00,6083.00),(477,192,73,1,6525.00,6525.00),(478,193,15,2,5367.00,10734.00),(479,193,82,1,9031.00,9031.00),(480,193,13,3,4047.00,12141.00),(481,194,27,3,6155.00,18465.00),(482,195,35,3,8412.00,25236.00),(483,195,36,1,4818.00,4818.00),(484,196,19,1,7973.00,7973.00),(485,196,30,3,4092.00,12276.00),(486,196,16,2,7270.00,14540.00),(487,197,15,1,5367.00,5367.00),(488,197,102,1,4176.00,4176.00),(489,198,6,3,4038.00,12114.00),(490,198,113,2,7527.00,15054.00),(491,198,99,2,5114.00,10228.00),(492,198,68,3,7677.00,23031.00),(493,199,40,2,8960.00,17920.00),(494,199,69,1,5470.00,5470.00),(495,200,56,1,8192.00,8192.00),(496,200,34,1,7956.00,7956.00),(497,201,114,1,6530.00,6530.00),(498,201,17,3,7757.00,23271.00),(499,202,8,3,3855.00,11565.00),(500,202,83,2,4059.00,8118.00),(501,202,3,3,4919.00,14757.00),(502,202,79,3,9132.00,27396.00),(503,203,92,3,7768.00,23304.00),(504,204,26,1,8229.00,8229.00),(505,204,66,3,8454.00,25362.00),(506,205,63,1,4618.00,4618.00),(507,206,99,1,5114.00,5114.00),(508,207,71,3,3581.00,10743.00),(509,207,46,1,8039.00,8039.00),(510,207,23,3,8027.00,24081.00),(511,208,55,1,8677.00,8677.00),(512,208,41,2,7969.00,15938.00),(513,208,96,1,5229.00,5229.00),(514,208,5,3,6577.00,19731.00),(515,209,86,3,7255.00,21765.00),(516,209,86,2,7255.00,14510.00),(517,209,40,1,8960.00,8960.00),(518,209,26,2,8229.00,16458.00),(519,210,54,3,5248.00,15744.00),(520,210,88,3,10057.00,30171.00),(521,210,69,2,5470.00,10940.00),(522,211,37,2,6213.00,12426.00),(523,211,69,1,5470.00,5470.00),(524,212,12,1,8036.00,8036.00),(525,212,56,2,8192.00,16384.00),(526,212,4,3,3503.00,10509.00),(527,212,107,1,7896.00,7896.00),(528,213,17,2,7757.00,15514.00),(529,214,42,3,8120.00,24360.00),(530,214,79,3,9132.00,27396.00),(531,214,91,3,4945.00,14835.00),(532,214,52,2,3771.00,7542.00),(533,215,115,1,5575.00,5575.00),(534,216,5,2,6577.00,13154.00),(535,216,112,1,7799.00,7799.00),(536,217,38,3,6457.00,19371.00),(537,217,84,3,4995.00,14985.00),(538,217,99,1,5114.00,5114.00),(539,218,13,3,4047.00,12141.00),(540,218,45,3,8325.00,24975.00),(541,218,80,2,4833.00,9666.00),(542,218,52,3,3771.00,11313.00),(543,219,92,3,7768.00,23304.00),(544,219,47,1,7614.00,7614.00),(545,219,85,2,9346.00,18692.00),(546,219,17,3,7757.00,23271.00),(547,220,16,1,7270.00,7270.00),(548,220,109,1,5921.00,5921.00),(549,221,35,1,8412.00,8412.00),(550,221,18,1,8379.00,8379.00),(551,222,86,2,7255.00,14510.00),(552,222,6,1,4038.00,4038.00),(553,223,40,3,8960.00,26880.00),(554,224,74,1,7395.00,7395.00),(555,224,55,3,8677.00,26031.00),(556,224,13,3,4047.00,12141.00),(557,224,67,2,5010.00,10020.00),(558,225,84,2,4995.00,9990.00),(559,225,53,3,5195.00,15585.00),(560,225,16,1,7270.00,7270.00),(561,225,32,1,6213.00,6213.00),(562,226,96,2,5229.00,10458.00),(563,226,85,2,9346.00,18692.00),(564,227,29,2,7239.00,14478.00),(565,227,78,1,9724.00,9724.00),(566,227,79,2,9132.00,18264.00),(567,228,49,2,5518.00,11036.00),(568,228,42,1,8120.00,8120.00),(569,228,96,1,5229.00,5229.00),(570,229,98,3,4379.00,13137.00),(571,229,45,3,8325.00,24975.00),(572,230,23,3,8027.00,24081.00),(573,231,12,1,8036.00,8036.00),(574,231,20,2,5205.00,10410.00),(575,231,97,2,3311.00,6622.00),(576,232,76,3,5209.00,15627.00),(577,232,20,1,5205.00,5205.00),(578,233,18,1,8379.00,8379.00),(579,233,61,1,4911.00,4911.00),(580,234,3,1,4919.00,4919.00),(581,234,65,1,6733.00,6733.00),(582,235,64,3,6476.00,19428.00),(583,235,107,1,7896.00,7896.00),(584,236,110,2,5727.00,11454.00),(585,237,112,1,7799.00,7799.00),(586,238,109,2,5921.00,11842.00),(587,239,106,3,7659.00,22977.00),(588,239,41,1,7969.00,7969.00),(589,239,99,3,5114.00,15342.00),(590,240,13,2,4047.00,8094.00),(591,240,20,2,5205.00,10410.00),(592,241,32,3,6213.00,18639.00),(593,241,47,1,7614.00,7614.00),(594,242,32,3,6213.00,18639.00),(595,243,34,3,7956.00,23868.00),(596,243,7,2,6783.00,13566.00),(597,244,10,3,4313.00,12939.00),(598,244,9,1,5233.00,5233.00),(599,244,104,1,4391.00,4391.00),(600,245,115,2,5575.00,11150.00),(601,245,44,3,8611.00,25833.00),(602,245,82,3,9031.00,27093.00),(603,245,18,2,8379.00,16758.00),(604,246,7,1,6783.00,6783.00),(605,246,88,3,10057.00,30171.00),(606,247,101,1,2095.00,2095.00),(607,247,46,2,8039.00,16078.00),(608,247,108,3,5775.00,17325.00),(609,247,28,1,7159.00,7159.00),(610,248,90,3,6078.00,18234.00),(611,248,59,2,8269.00,16538.00),(612,249,70,3,6083.00,18249.00),(613,250,111,1,5723.00,5723.00),(614,250,83,2,4059.00,8118.00),(615,250,71,2,3581.00,7162.00),(616,250,102,2,4176.00,8352.00);
/*!40000 ALTER TABLE `order_items` ENABLE KEYS */;
UNLOCK TABLES;

--
-- Table structure for table `orders`
--

DROP TABLE IF EXISTS `orders`;
/*!40101 SET @saved_cs_client     = @@character_set_client */;
/*!50503 SET character_set_client = utf8mb4 */;
CREATE TABLE `orders` (
  `id` bigint NOT NULL AUTO_INCREMENT,
  `user_id` bigint NOT NULL,
  `address_id` bigint DEFAULT NULL,
  `status_id` int NOT NULL,
  `subtotal` decimal(12,2) NOT NULL,
  `shipping` decimal(12,2) NOT NULL DEFAULT '0.00',
  `tax` decimal(12,2) NOT NULL DEFAULT '0.00',
  `total` decimal(12,2) NOT NULL,
  `note` text CHARACTER SET utf8mb4 COLLATE utf8mb4_unicode_ci,
  `created_at` datetime NOT NULL DEFAULT CURRENT_TIMESTAMP,
  `updated_at` datetime NOT NULL DEFAULT CURRENT_TIMESTAMP ON UPDATE CURRENT_TIMESTAMP,
  PRIMARY KEY (`id`),
  KEY `fk_orders_address` (`address_id`),
  KEY `idx_orders_user` (`user_id`),
  KEY `idx_orders_status` (`status_id`),
  CONSTRAINT `fk_orders_address` FOREIGN KEY (`address_id`) REFERENCES `addresses` (`id`) ON DELETE SET NULL ON UPDATE CASCADE,
  CONSTRAINT `fk_orders_status` FOREIGN KEY (`status_id`) REFERENCES `statuses` (`id`) ON DELETE RESTRICT ON UPDATE CASCADE,
  CONSTRAINT `fk_orders_user` FOREIGN KEY (`user_id`) REFERENCES `users` (`id`) ON DELETE CASCADE ON UPDATE CASCADE
) ENGINE=InnoDB AUTO_INCREMENT=251 DEFAULT CHARSET=utf8mb4 COLLATE=utf8mb4_unicode_ci;
/*!40101 SET character_set_client = @saved_cs_client */;

--
-- Dumping data for table `orders`
--

LOCK TABLES `orders` WRITE;
/*!40000 ALTER TABLE `orders` DISABLE KEYS */;
INSERT INTO `orders` VALUES (1,51,34,5,8418.00,3000.00,0.00,11418.00,'Pedido generado para pruebas','2025-08-30 13:59:25','2025-10-16 17:02:51'),(2,206,147,5,42219.00,3000.00,0.00,45219.00,'Pedido generado para pruebas','2025-09-23 06:01:25','2025-10-16 17:02:51'),(3,60,41,2,18703.00,3000.00,0.00,21703.00,'Pedido generado para pruebas','2025-09-20 10:08:25','2025-10-16 17:02:51'),(4,164,115,5,39537.00,3000.00,0.00,42537.00,'Pedido generado para pruebas','2025-09-15 15:50:25','2025-10-16 17:02:51'),(5,278,198,5,28247.00,3000.00,0.00,31247.00,'Pedido generado para pruebas','2025-09-22 23:15:25','2025-10-16 17:02:51'),(6,275,196,5,59961.00,3000.00,0.00,62961.00,'Pedido generado para pruebas','2025-10-04 17:51:25','2025-10-16 17:02:51'),(7,239,172,2,2095.00,3000.00,0.00,5095.00,'Pedido generado para pruebas','2025-08-08 03:52:25','2025-10-16 17:02:51'),(8,235,169,3,11446.00,3000.00,0.00,14446.00,'Pedido generado para pruebas','2025-09-23 06:23:25','2025-10-16 17:02:51'),(9,45,29,2,61254.00,3000.00,0.00,64254.00,'Pedido generado para pruebas','2025-08-21 04:42:25','2025-10-16 17:02:51'),(10,185,131,3,61645.00,3000.00,0.00,64645.00,'Pedido generado para pruebas','2025-08-09 23:34:25','2025-10-16 17:02:51'),(11,151,105,5,34661.00,3000.00,0.00,37661.00,'Pedido generado para pruebas','2025-09-13 11:31:25','2025-10-16 17:02:51'),(12,201,144,4,33390.00,3000.00,0.00,36390.00,'Pedido generado para pruebas','2025-08-12 23:45:25','2025-10-16 17:02:51'),(13,60,41,2,47840.00,3000.00,0.00,50840.00,'Pedido generado para pruebas','2025-08-19 01:50:25','2025-10-16 17:02:51'),(14,108,75,1,41403.00,3000.00,0.00,44403.00,'Pedido generado para pruebas','2025-08-30 22:50:25','2025-10-16 17:02:51'),(15,226,161,2,27904.00,3000.00,0.00,30904.00,'Pedido generado para pruebas','2025-09-17 16:57:25','2025-10-16 17:02:51'),(16,274,195,2,45922.00,3000.00,0.00,48922.00,'Pedido generado para pruebas','2025-09-04 18:52:25','2025-10-16 17:02:51'),(17,224,160,5,13844.00,3000.00,0.00,16844.00,'Pedido generado para pruebas','2025-08-05 15:22:25','2025-10-16 17:02:51'),(18,18,13,3,9070.00,3000.00,0.00,12070.00,'Pedido generado para pruebas','2025-08-06 10:31:25','2025-10-16 17:02:51'),(19,257,183,4,17181.00,3000.00,0.00,20181.00,'Pedido generado para pruebas','2025-09-19 21:51:25','2025-10-16 17:02:51'),(20,128,88,1,57353.00,3000.00,0.00,60353.00,'Pedido generado para pruebas','2025-09-04 17:55:25','2025-10-16 17:02:51'),(21,91,63,5,20310.00,3000.00,0.00,23310.00,'Pedido generado para pruebas','2025-08-02 22:11:25','2025-10-16 17:02:51'),(22,108,75,2,42317.00,3000.00,0.00,45317.00,'Pedido generado para pruebas','2025-10-04 16:44:25','2025-10-16 17:02:51'),(23,172,122,5,17580.00,3000.00,0.00,20580.00,'Pedido generado para pruebas','2025-10-14 01:13:25','2025-10-16 17:02:51'),(24,289,205,1,46971.00,3000.00,0.00,49971.00,'Pedido generado para pruebas','2025-09-12 07:02:25','2025-10-16 17:02:51'),(25,69,48,3,18960.00,3000.00,0.00,21960.00,'Pedido generado para pruebas','2025-10-04 06:41:25','2025-10-16 17:02:51'),(26,162,113,5,57054.00,3000.00,0.00,60054.00,'Pedido generado para pruebas','2025-10-01 23:52:25','2025-10-16 17:02:51'),(27,296,208,2,25456.00,3000.00,0.00,28456.00,'Pedido generado para pruebas','2025-07-24 09:50:25','2025-10-16 17:02:51'),(28,282,200,5,29130.00,3000.00,0.00,32130.00,'Pedido generado para pruebas','2025-10-10 09:41:25','2025-10-16 17:02:51'),(29,207,148,4,30309.00,3000.00,0.00,33309.00,'Pedido generado para pruebas','2025-07-19 08:26:25','2025-10-16 17:02:51'),(30,179,126,4,20469.00,3000.00,0.00,23469.00,'Pedido generado para pruebas','2025-08-02 02:45:25','2025-10-16 17:02:51'),(31,40,26,1,44587.00,3000.00,0.00,47587.00,'Pedido generado para pruebas','2025-09-15 15:19:25','2025-10-16 17:02:51'),(32,119,82,5,38980.00,3000.00,0.00,41980.00,'Pedido generado para pruebas','2025-09-08 21:51:25','2025-10-16 17:02:51'),(33,236,170,5,19053.00,3000.00,0.00,22053.00,'Pedido generado para pruebas','2025-09-07 03:31:25','2025-10-16 17:02:51'),(34,69,48,1,40726.00,3000.00,0.00,43726.00,'Pedido generado para pruebas','2025-07-18 20:40:25','2025-10-16 17:02:51'),(35,277,197,1,41106.00,3000.00,0.00,44106.00,'Pedido generado para pruebas','2025-09-24 23:20:25','2025-10-16 17:02:51'),(36,161,112,4,20211.00,3000.00,0.00,23211.00,'Pedido generado para pruebas','2025-08-07 10:17:25','2025-10-16 17:02:51'),(37,13,9,1,63707.00,3000.00,0.00,66707.00,'Pedido generado para pruebas','2025-09-28 06:13:25','2025-10-16 17:02:51'),(38,122,85,4,36220.00,3000.00,0.00,39220.00,'Pedido generado para pruebas','2025-09-22 18:19:25','2025-10-16 17:02:51'),(39,200,143,4,68903.00,3000.00,0.00,71903.00,'Pedido generado para pruebas','2025-08-21 00:16:25','2025-10-16 17:02:51'),(40,31,20,4,64101.00,3000.00,0.00,67101.00,'Pedido generado para pruebas','2025-08-20 02:51:25','2025-10-16 17:02:51'),(41,148,103,1,34960.00,3000.00,0.00,37960.00,'Pedido generado para pruebas','2025-09-11 00:26:25','2025-10-16 17:02:51'),(42,10,6,4,17206.00,3000.00,0.00,20206.00,'Pedido generado para pruebas','2025-08-21 17:08:25','2025-10-16 17:02:51'),(43,185,131,4,44364.00,3000.00,0.00,47364.00,'Pedido generado para pruebas','2025-08-08 20:41:25','2025-10-16 17:02:51'),(44,14,10,3,26303.00,3000.00,0.00,29303.00,'Pedido generado para pruebas','2025-08-12 07:46:25','2025-10-16 17:02:51'),(45,287,203,5,18639.00,3000.00,0.00,21639.00,'Pedido generado para pruebas','2025-08-04 20:47:25','2025-10-16 17:02:51'),(46,21,15,1,7638.00,3000.00,0.00,10638.00,'Pedido generado para pruebas','2025-10-04 05:41:25','2025-10-16 17:02:51'),(47,97,66,2,40404.00,3000.00,0.00,43404.00,'Pedido generado para pruebas','2025-10-15 22:28:25','2025-10-16 17:02:51'),(48,69,48,2,28281.00,3000.00,0.00,31281.00,'Pedido generado para pruebas','2025-08-13 06:03:25','2025-10-16 17:02:51'),(49,123,86,5,45542.00,3000.00,0.00,48542.00,'Pedido generado para pruebas','2025-08-09 12:15:25','2025-10-16 17:02:51'),(50,260,184,5,5229.00,3000.00,0.00,8229.00,'Pedido generado para pruebas','2025-08-11 15:17:25','2025-10-16 17:02:51'),(51,14,10,3,15615.00,3000.00,0.00,18615.00,'Pedido generado para pruebas','2025-07-28 23:12:25','2025-10-16 17:02:51'),(52,103,71,5,38647.00,3000.00,0.00,41647.00,'Pedido generado para pruebas','2025-08-02 10:03:25','2025-10-16 17:02:52'),(53,76,54,1,30517.00,3000.00,0.00,33517.00,'Pedido generado para pruebas','2025-09-25 10:49:25','2025-10-16 17:02:52'),(54,300,210,3,5518.00,3000.00,0.00,8518.00,'Pedido generado para pruebas','2025-08-17 12:16:25','2025-10-16 17:02:52'),(55,40,26,5,32587.00,3000.00,0.00,35587.00,'Pedido generado para pruebas','2025-10-12 03:06:25','2025-10-16 17:02:52'),(56,131,91,2,6530.00,3000.00,0.00,9530.00,'Pedido generado para pruebas','2025-09-13 10:43:25','2025-10-16 17:02:52'),(57,239,172,1,41775.00,3000.00,0.00,44775.00,'Pedido generado para pruebas','2025-08-03 12:54:25','2025-10-16 17:02:52'),(58,179,126,2,35266.00,3000.00,0.00,38266.00,'Pedido generado para pruebas','2025-10-05 08:07:25','2025-10-16 17:02:52'),(59,17,12,2,66293.00,3000.00,0.00,69293.00,'Pedido generado para pruebas','2025-09-08 02:51:25','2025-10-16 17:02:52'),(60,124,87,5,27969.00,3000.00,0.00,30969.00,'Pedido generado para pruebas','2025-09-04 13:41:25','2025-10-16 17:02:52'),(61,279,199,3,9990.00,3000.00,0.00,12990.00,'Pedido generado para pruebas','2025-08-21 11:40:25','2025-10-16 17:02:52'),(62,82,58,5,43966.00,3000.00,0.00,46966.00,'Pedido generado para pruebas','2025-09-10 18:01:25','2025-10-16 17:02:52'),(63,214,152,3,9031.00,3000.00,0.00,12031.00,'Pedido generado para pruebas','2025-09-25 11:22:25','2025-10-16 17:02:52'),(64,153,107,3,5010.00,3000.00,0.00,8010.00,'Pedido generado para pruebas','2025-08-03 05:41:25','2025-10-16 17:02:52'),(65,239,172,5,37083.00,3000.00,0.00,40083.00,'Pedido generado para pruebas','2025-09-27 15:04:25','2025-10-16 17:02:52'),(66,255,181,3,23668.00,3000.00,0.00,26668.00,'Pedido generado para pruebas','2025-08-17 13:14:25','2025-10-16 17:02:52'),(67,6,4,1,37342.00,3000.00,0.00,40342.00,'Pedido generado para pruebas','2025-09-18 09:23:25','2025-10-16 17:02:52'),(68,183,129,1,36671.00,3000.00,0.00,39671.00,'Pedido generado para pruebas','2025-08-14 04:17:25','2025-10-16 17:02:52'),(69,161,112,4,17538.00,3000.00,0.00,20538.00,'Pedido generado para pruebas','2025-08-02 19:00:25','2025-10-16 17:02:52'),(70,242,174,3,56221.00,3000.00,0.00,59221.00,'Pedido generado para pruebas','2025-07-26 09:13:25','2025-10-16 17:02:52'),(71,267,190,3,50994.00,3000.00,0.00,53994.00,'Pedido generado para pruebas','2025-09-11 12:49:25','2025-10-16 17:02:52'),(72,236,170,4,7806.00,3000.00,0.00,10806.00,'Pedido generado para pruebas','2025-09-14 13:36:25','2025-10-16 17:02:52'),(73,271,193,4,46361.00,3000.00,0.00,49361.00,'Pedido generado para pruebas','2025-08-10 00:04:25','2025-10-16 17:02:52'),(74,108,75,3,54051.00,3000.00,0.00,57051.00,'Pedido generado para pruebas','2025-10-05 17:09:25','2025-10-16 17:02:52'),(75,81,57,2,34553.00,3000.00,0.00,37553.00,'Pedido generado para pruebas','2025-07-24 12:09:25','2025-10-16 17:02:52'),(76,216,154,1,24834.00,3000.00,0.00,27834.00,'Pedido generado para pruebas','2025-08-01 00:15:25','2025-10-16 17:02:52'),(77,71,50,1,16554.00,3000.00,0.00,19554.00,'Pedido generado para pruebas','2025-08-27 19:54:25','2025-10-16 17:02:52'),(78,100,68,1,11565.00,3000.00,0.00,14565.00,'Pedido generado para pruebas','2025-09-05 12:58:25','2025-10-16 17:02:52'),(79,271,193,1,13870.00,3000.00,0.00,16870.00,'Pedido generado para pruebas','2025-09-10 05:45:25','2025-10-16 17:02:52'),(80,242,174,4,21652.00,3000.00,0.00,24652.00,'Pedido generado para pruebas','2025-08-09 14:01:25','2025-10-16 17:02:52'),(81,60,41,4,26548.00,3000.00,0.00,29548.00,'Pedido generado para pruebas','2025-10-13 19:47:25','2025-10-16 17:02:52'),(82,17,12,1,35316.00,3000.00,0.00,38316.00,'Pedido generado para pruebas','2025-08-04 13:48:25','2025-10-16 17:02:52'),(83,230,164,2,18579.00,3000.00,0.00,21579.00,'Pedido generado para pruebas','2025-10-12 10:23:25','2025-10-16 17:02:52'),(84,116,80,1,44726.00,3000.00,0.00,47726.00,'Pedido generado para pruebas','2025-09-20 14:26:25','2025-10-16 17:02:52'),(85,232,166,4,8120.00,3000.00,0.00,11120.00,'Pedido generado para pruebas','2025-08-06 18:36:25','2025-10-16 17:02:52'),(86,73,51,2,10506.00,3000.00,0.00,13506.00,'Pedido generado para pruebas','2025-10-13 12:01:25','2025-10-16 17:02:52'),(87,37,24,2,52476.00,3000.00,0.00,55476.00,'Pedido generado para pruebas','2025-08-24 01:12:25','2025-10-16 17:02:52'),(88,180,127,5,24117.00,3000.00,0.00,27117.00,'Pedido generado para pruebas','2025-09-19 05:19:25','2025-10-16 17:02:52'),(89,177,125,4,19448.00,3000.00,0.00,22448.00,'Pedido generado para pruebas','2025-09-11 20:30:25','2025-10-16 17:02:52'),(90,113,79,1,52361.00,3000.00,0.00,55361.00,'Pedido generado para pruebas','2025-09-21 12:15:25','2025-10-16 17:02:52'),(91,7,5,5,53972.00,3000.00,0.00,56972.00,'Pedido generado para pruebas','2025-09-23 03:00:25','2025-10-16 17:02:52'),(92,159,110,5,15580.00,3000.00,0.00,18580.00,'Pedido generado para pruebas','2025-07-30 18:19:25','2025-10-16 17:02:52'),(93,10,6,2,23107.00,3000.00,0.00,26107.00,'Pedido generado para pruebas','2025-09-18 18:33:25','2025-10-16 17:02:52'),(94,293,206,5,25302.00,3000.00,0.00,28302.00,'Pedido generado para pruebas','2025-09-28 08:22:25','2025-10-16 17:02:52'),(95,62,43,3,41179.00,3000.00,0.00,44179.00,'Pedido generado para pruebas','2025-08-16 03:18:25','2025-10-16 17:02:52'),(96,65,46,2,7186.00,3000.00,0.00,10186.00,'Pedido generado para pruebas','2025-09-13 04:56:25','2025-10-16 17:02:52'),(97,7,5,1,38630.00,3000.00,0.00,41630.00,'Pedido generado para pruebas','2025-08-24 02:52:25','2025-10-16 17:02:52'),(98,235,169,2,39042.00,3000.00,0.00,42042.00,'Pedido generado para pruebas','2025-08-12 09:33:25','2025-10-16 17:02:52'),(99,112,78,1,4618.00,3000.00,0.00,7618.00,'Pedido generado para pruebas','2025-07-18 19:42:25','2025-10-16 17:02:52'),(100,7,5,5,16653.00,3000.00,0.00,19653.00,'Pedido generado para pruebas','2025-09-19 04:51:25','2025-10-16 17:02:52'),(101,236,170,1,41259.00,3000.00,0.00,44259.00,'Pedido generado para pruebas','2025-07-25 22:59:25','2025-10-16 17:02:52'),(102,34,22,2,44302.00,3000.00,0.00,47302.00,'Pedido generado para pruebas','2025-07-18 07:15:25','2025-10-16 17:02:52'),(103,153,107,5,50979.00,3000.00,0.00,53979.00,'Pedido generado para pruebas','2025-09-14 05:20:25','2025-10-16 17:02:52'),(104,238,171,5,56022.00,3000.00,0.00,59022.00,'Pedido generado para pruebas','2025-09-22 20:54:25','2025-10-16 17:02:52'),(105,271,193,5,23643.00,3000.00,0.00,26643.00,'Pedido generado para pruebas','2025-09-12 05:41:25','2025-10-16 17:02:52'),(106,69,48,5,18950.00,3000.00,0.00,21950.00,'Pedido generado para pruebas','2025-09-01 02:47:25','2025-10-16 17:02:52'),(107,12,8,5,49706.00,3000.00,0.00,52706.00,'Pedido generado para pruebas','2025-08-28 06:22:25','2025-10-16 17:02:52'),(108,268,191,1,40179.00,3000.00,0.00,43179.00,'Pedido generado para pruebas','2025-07-18 14:28:25','2025-10-16 17:02:52'),(109,275,196,3,37749.00,3000.00,0.00,40749.00,'Pedido generado para pruebas','2025-09-23 10:36:25','2025-10-16 17:02:52'),(110,179,126,5,18899.00,3000.00,0.00,21899.00,'Pedido generado para pruebas','2025-09-29 16:07:25','2025-10-16 17:02:52'),(111,270,192,3,61054.00,3000.00,0.00,64054.00,'Pedido generado para pruebas','2025-07-30 05:45:25','2025-10-16 17:02:52'),(112,176,124,3,40938.00,3000.00,0.00,43938.00,'Pedido generado para pruebas','2025-09-23 14:41:25','2025-10-16 17:02:52'),(113,207,148,3,6525.00,3000.00,0.00,9525.00,'Pedido generado para pruebas','2025-08-04 05:07:25','2025-10-16 17:02:52'),(114,151,105,2,48032.00,3000.00,0.00,51032.00,'Pedido generado para pruebas','2025-09-06 09:13:25','2025-10-16 17:02:52'),(115,132,92,4,6285.00,3000.00,0.00,9285.00,'Pedido generado para pruebas','2025-09-20 01:31:25','2025-10-16 17:02:52'),(116,168,118,1,3771.00,3000.00,0.00,6771.00,'Pedido generado para pruebas','2025-07-22 23:03:25','2025-10-16 17:02:52'),(117,293,206,3,43885.00,3000.00,0.00,46885.00,'Pedido generado para pruebas','2025-08-12 14:27:25','2025-10-16 17:02:52'),(118,170,120,3,27786.00,3000.00,0.00,30786.00,'Pedido generado para pruebas','2025-07-31 19:52:25','2025-10-16 17:02:52'),(119,122,85,4,33199.00,3000.00,0.00,36199.00,'Pedido generado para pruebas','2025-08-11 15:58:25','2025-10-16 17:02:52'),(120,227,162,2,47874.00,3000.00,0.00,50874.00,'Pedido generado para pruebas','2025-09-08 08:32:25','2025-10-16 17:02:52'),(121,207,148,3,24834.00,3000.00,0.00,27834.00,'Pedido generado para pruebas','2025-09-17 18:27:25','2025-10-16 17:02:52'),(122,171,121,1,24001.00,3000.00,0.00,27001.00,'Pedido generado para pruebas','2025-10-15 14:34:25','2025-10-16 17:02:52'),(123,110,76,5,2723.00,3000.00,0.00,5723.00,'Pedido generado para pruebas','2025-10-01 03:55:25','2025-10-16 17:02:52'),(124,98,67,2,20072.00,3000.00,0.00,23072.00,'Pedido generado para pruebas','2025-09-26 04:34:25','2025-10-16 17:02:52'),(125,200,143,4,21393.00,3000.00,0.00,24393.00,'Pedido generado para pruebas','2025-09-19 13:07:25','2025-10-16 17:02:52'),(126,150,104,3,9639.00,3000.00,0.00,12639.00,'Pedido generado para pruebas','2025-07-31 19:21:25','2025-10-16 17:02:52'),(127,168,118,1,22699.00,3000.00,0.00,25699.00,'Pedido generado para pruebas','2025-10-08 22:51:25','2025-10-16 17:02:52'),(128,29,19,2,31183.00,3000.00,0.00,34183.00,'Pedido generado para pruebas','2025-07-28 05:42:25','2025-10-16 17:02:52'),(129,40,26,1,6155.00,3000.00,0.00,9155.00,'Pedido generado para pruebas','2025-09-25 10:03:25','2025-10-16 17:02:52'),(130,231,165,3,53080.00,3000.00,0.00,56080.00,'Pedido generado para pruebas','2025-09-16 20:09:25','2025-10-16 17:02:52'),(131,106,73,4,83340.00,3000.00,0.00,86340.00,'Pedido generado para pruebas','2025-09-12 17:48:25','2025-10-16 17:02:52'),(132,198,141,3,39113.00,3000.00,0.00,42113.00,'Pedido generado para pruebas','2025-09-29 12:20:25','2025-10-16 17:02:52'),(133,232,166,4,32595.00,3000.00,0.00,35595.00,'Pedido generado para pruebas','2025-08-21 11:51:25','2025-10-16 17:02:52'),(134,199,142,1,59273.00,3000.00,0.00,62273.00,'Pedido generado para pruebas','2025-07-25 18:22:25','2025-10-16 17:02:52'),(135,163,114,4,69000.00,3000.00,0.00,72000.00,'Pedido generado para pruebas','2025-08-07 02:27:25','2025-10-16 17:02:52'),(136,76,54,5,7239.00,3000.00,0.00,10239.00,'Pedido generado para pruebas','2025-10-11 01:31:25','2025-10-16 17:02:52'),(137,6,4,1,57320.00,3000.00,0.00,60320.00,'Pedido generado para pruebas','2025-08-05 15:35:25','2025-10-16 17:02:52'),(138,23,16,5,10940.00,3000.00,0.00,13940.00,'Pedido generado para pruebas','2025-08-30 07:35:25','2025-10-16 17:02:52'),(139,146,101,3,41736.00,3000.00,0.00,44736.00,'Pedido generado para pruebas','2025-07-27 15:58:25','2025-10-16 17:02:52'),(140,160,111,4,16870.00,3000.00,0.00,19870.00,'Pedido generado para pruebas','2025-07-20 02:33:25','2025-10-16 17:02:52'),(141,102,70,4,76209.00,3000.00,0.00,79209.00,'Pedido generado para pruebas','2025-09-25 06:44:25','2025-10-16 17:02:52'),(142,265,189,1,33860.00,3000.00,0.00,36860.00,'Pedido generado para pruebas','2025-08-07 06:46:25','2025-10-16 17:02:52'),(143,110,76,2,45420.00,3000.00,0.00,48420.00,'Pedido generado para pruebas','2025-09-27 10:01:25','2025-10-16 17:02:52'),(144,238,171,1,32700.00,3000.00,0.00,35700.00,'Pedido generado para pruebas','2025-10-07 01:39:25','2025-10-16 17:02:52'),(145,239,172,1,30724.00,3000.00,0.00,33724.00,'Pedido generado para pruebas','2025-08-09 14:18:25','2025-10-16 17:02:52'),(146,192,137,3,33132.00,3000.00,0.00,36132.00,'Pedido generado para pruebas','2025-07-20 08:24:25','2025-10-16 17:02:52'),(147,228,163,5,41876.00,3000.00,0.00,44876.00,'Pedido generado para pruebas','2025-10-05 16:18:25','2025-10-16 17:02:52'),(148,169,119,4,24702.00,3000.00,0.00,27702.00,'Pedido generado para pruebas','2025-09-19 22:04:25','2025-10-16 17:02:52'),(149,17,12,5,16824.00,3000.00,0.00,19824.00,'Pedido generado para pruebas','2025-07-24 22:38:25','2025-10-16 17:02:52'),(150,169,119,2,24008.00,3000.00,0.00,27008.00,'Pedido generado para pruebas','2025-09-09 04:18:25','2025-10-16 17:02:52'),(151,20,14,5,31717.00,3000.00,0.00,34717.00,'Pedido generado para pruebas','2025-09-11 20:56:25','2025-10-16 17:02:52'),(152,153,107,2,56968.00,3000.00,0.00,59968.00,'Pedido generado para pruebas','2025-09-09 19:47:25','2025-10-16 17:02:52'),(153,53,36,3,55672.00,3000.00,0.00,58672.00,'Pedido generado para pruebas','2025-08-15 02:27:25','2025-10-16 17:02:52'),(154,130,90,3,38796.00,3000.00,0.00,41796.00,'Pedido generado para pruebas','2025-08-30 09:02:25','2025-10-16 17:02:52'),(155,262,186,5,49015.00,3000.00,0.00,52015.00,'Pedido generado para pruebas','2025-09-29 10:13:25','2025-10-16 17:02:52'),(156,268,191,1,44094.00,3000.00,0.00,47094.00,'Pedido generado para pruebas','2025-08-02 23:52:25','2025-10-16 17:02:52'),(157,263,187,5,21129.00,3000.00,0.00,24129.00,'Pedido generado para pruebas','2025-08-07 10:32:25','2025-10-16 17:02:52'),(158,129,89,1,46426.00,3000.00,0.00,49426.00,'Pedido generado para pruebas','2025-09-06 05:21:25','2025-10-16 17:02:52'),(159,264,188,2,25964.00,3000.00,0.00,28964.00,'Pedido generado para pruebas','2025-09-14 23:28:25','2025-10-16 17:02:52'),(160,139,96,4,27256.00,3000.00,0.00,30256.00,'Pedido generado para pruebas','2025-09-25 21:26:25','2025-10-16 17:02:52'),(161,39,25,5,52838.00,3000.00,0.00,55838.00,'Pedido generado para pruebas','2025-09-25 18:20:25','2025-10-16 17:02:52'),(162,33,21,4,25001.00,3000.00,0.00,28001.00,'Pedido generado para pruebas','2025-08-16 18:30:25','2025-10-16 17:02:52'),(163,90,62,1,25362.00,3000.00,0.00,28362.00,'Pedido generado para pruebas','2025-08-18 09:10:25','2025-10-16 17:02:52'),(164,82,58,2,7896.00,3000.00,0.00,10896.00,'Pedido generado para pruebas','2025-08-08 10:27:25','2025-10-16 17:02:52'),(165,91,63,2,56698.00,3000.00,0.00,59698.00,'Pedido generado para pruebas','2025-10-01 19:30:25','2025-10-16 17:02:52'),(166,261,185,3,57106.00,3000.00,0.00,60106.00,'Pedido generado para pruebas','2025-10-06 11:36:25','2025-10-16 17:02:52'),(167,176,124,3,18639.00,3000.00,0.00,21639.00,'Pedido generado para pruebas','2025-10-16 03:37:25','2025-10-16 17:02:52'),(168,217,155,4,57025.00,3000.00,0.00,60025.00,'Pedido generado para pruebas','2025-09-26 20:38:25','2025-10-16 17:02:52'),(169,65,46,4,50700.00,3000.00,0.00,53700.00,'Pedido generado para pruebas','2025-08-01 08:58:25','2025-10-16 17:02:52'),(170,165,116,4,22848.00,3000.00,0.00,25848.00,'Pedido generado para pruebas','2025-09-15 10:23:25','2025-10-16 17:02:52'),(171,128,88,2,10572.00,3000.00,0.00,13572.00,'Pedido generado para pruebas','2025-08-14 00:44:25','2025-10-16 17:02:52'),(172,268,191,4,41426.00,3000.00,0.00,44426.00,'Pedido generado para pruebas','2025-08-01 08:41:25','2025-10-16 17:02:52'),(173,197,140,5,21770.00,3000.00,0.00,24770.00,'Pedido generado para pruebas','2025-08-03 05:17:25','2025-10-16 17:02:52'),(174,73,51,5,24567.00,3000.00,0.00,27567.00,'Pedido generado para pruebas','2025-09-23 13:54:25','2025-10-16 17:02:52'),(175,271,193,2,7730.00,3000.00,0.00,10730.00,'Pedido generado para pruebas','2025-10-07 12:26:25','2025-10-16 17:02:52'),(176,46,30,5,10779.00,3000.00,0.00,13779.00,'Pedido generado para pruebas','2025-07-24 15:21:25','2025-10-16 17:02:52'),(177,42,27,4,5051.00,3000.00,0.00,8051.00,'Pedido generado para pruebas','2025-09-25 05:41:25','2025-10-16 17:02:52'),(178,228,163,5,30558.00,3000.00,0.00,33558.00,'Pedido generado para pruebas','2025-07-24 09:31:25','2025-10-16 17:02:52'),(179,122,85,3,18860.00,3000.00,0.00,21860.00,'Pedido generado para pruebas','2025-08-29 09:00:25','2025-10-16 17:02:52'),(180,118,81,4,16054.00,3000.00,0.00,19054.00,'Pedido generado para pruebas','2025-09-15 08:47:25','2025-10-16 17:02:52'),(181,279,199,1,40897.00,3000.00,0.00,43897.00,'Pedido generado para pruebas','2025-09-12 04:26:25','2025-10-16 17:02:52'),(182,139,96,4,17354.00,3000.00,0.00,20354.00,'Pedido generado para pruebas','2025-09-11 16:16:25','2025-10-16 17:02:52'),(183,6,4,5,21766.00,3000.00,0.00,24766.00,'Pedido generado para pruebas','2025-08-16 08:31:25','2025-10-16 17:02:52'),(184,255,181,2,7799.00,3000.00,0.00,10799.00,'Pedido generado para pruebas','2025-10-07 22:41:25','2025-10-16 17:02:52'),(185,28,18,1,20460.00,3000.00,0.00,23460.00,'Pedido generado para pruebas','2025-09-27 18:54:25','2025-10-16 17:02:52'),(186,45,29,2,26456.00,3000.00,0.00,29456.00,'Pedido generado para pruebas','2025-08-18 11:36:25','2025-10-16 17:02:52'),(187,295,207,4,4379.00,3000.00,0.00,7379.00,'Pedido generado para pruebas','2025-08-28 03:08:25','2025-10-16 17:02:52'),(188,100,68,3,35068.00,3000.00,0.00,38068.00,'Pedido generado para pruebas','2025-10-16 12:12:25','2025-10-16 17:02:52'),(189,102,70,4,20946.00,3000.00,0.00,23946.00,'Pedido generado para pruebas','2025-10-01 14:38:25','2025-10-16 17:02:52'),(190,217,155,1,49810.00,3000.00,0.00,52810.00,'Pedido generado para pruebas','2025-08-15 19:44:25','2025-10-16 17:02:52'),(191,216,154,4,37985.00,3000.00,0.00,40985.00,'Pedido generado para pruebas','2025-09-30 06:35:25','2025-10-16 17:02:52'),(192,112,78,2,12608.00,3000.00,0.00,15608.00,'Pedido generado para pruebas','2025-10-07 14:19:25','2025-10-16 17:02:52'),(193,256,182,2,31906.00,3000.00,0.00,34906.00,'Pedido generado para pruebas','2025-08-11 23:39:25','2025-10-16 17:02:52'),(194,206,147,1,18465.00,3000.00,0.00,21465.00,'Pedido generado para pruebas','2025-08-17 01:23:25','2025-10-16 17:02:52'),(195,163,114,5,30054.00,3000.00,0.00,33054.00,'Pedido generado para pruebas','2025-07-20 03:30:25','2025-10-16 17:02:52'),(196,215,153,4,34789.00,3000.00,0.00,37789.00,'Pedido generado para pruebas','2025-09-17 09:47:25','2025-10-16 17:02:53'),(197,179,126,2,9543.00,3000.00,0.00,12543.00,'Pedido generado para pruebas','2025-08-20 20:56:25','2025-10-16 17:02:53'),(198,110,76,5,60427.00,3000.00,0.00,63427.00,'Pedido generado para pruebas','2025-10-05 18:41:25','2025-10-16 17:02:53'),(199,177,125,1,23390.00,3000.00,0.00,26390.00,'Pedido generado para pruebas','2025-08-17 09:54:25','2025-10-16 17:02:53'),(200,49,32,1,16148.00,3000.00,0.00,19148.00,'Pedido generado para pruebas','2025-10-15 22:25:25','2025-10-16 17:02:53'),(201,102,70,2,29801.00,3000.00,0.00,32801.00,'Pedido generado para pruebas','2025-09-23 00:02:25','2025-10-16 17:02:53'),(202,83,59,1,61836.00,3000.00,0.00,64836.00,'Pedido generado para pruebas','2025-08-16 21:49:25','2025-10-16 17:02:53'),(203,46,30,4,23304.00,3000.00,0.00,26304.00,'Pedido generado para pruebas','2025-10-05 20:38:25','2025-10-16 17:02:53'),(204,105,72,3,33591.00,3000.00,0.00,36591.00,'Pedido generado para pruebas','2025-08-22 20:52:25','2025-10-16 17:02:53'),(205,270,192,5,4618.00,3000.00,0.00,7618.00,'Pedido generado para pruebas','2025-09-24 14:09:25','2025-10-16 17:02:53'),(206,73,51,1,5114.00,3000.00,0.00,8114.00,'Pedido generado para pruebas','2025-08-18 05:32:25','2025-10-16 17:02:53'),(207,181,128,1,42863.00,3000.00,0.00,45863.00,'Pedido generado para pruebas','2025-08-19 22:47:25','2025-10-16 17:02:53'),(208,194,138,1,49575.00,3000.00,0.00,52575.00,'Pedido generado para pruebas','2025-09-03 22:41:25','2025-10-16 17:02:53'),(209,148,103,2,61693.00,3000.00,0.00,64693.00,'Pedido generado para pruebas','2025-09-12 03:55:25','2025-10-16 17:02:53'),(210,10,6,2,56855.00,3000.00,0.00,59855.00,'Pedido generado para pruebas','2025-08-07 23:44:25','2025-10-16 17:02:53'),(211,62,43,1,17896.00,3000.00,0.00,20896.00,'Pedido generado para pruebas','2025-07-22 05:28:25','2025-10-16 17:02:53'),(212,239,172,1,42825.00,3000.00,0.00,45825.00,'Pedido generado para pruebas','2025-08-25 23:23:25','2025-10-16 17:02:53'),(213,10,6,3,15514.00,3000.00,0.00,18514.00,'Pedido generado para pruebas','2025-10-03 00:55:25','2025-10-16 17:02:53'),(214,183,129,3,74133.00,3000.00,0.00,77133.00,'Pedido generado para pruebas','2025-07-26 17:55:25','2025-10-16 17:02:53'),(215,97,66,3,5575.00,3000.00,0.00,8575.00,'Pedido generado para pruebas','2025-09-23 10:47:25','2025-10-16 17:02:53'),(216,246,176,1,20953.00,3000.00,0.00,23953.00,'Pedido generado para pruebas','2025-09-05 01:11:25','2025-10-16 17:02:53'),(217,111,77,4,39470.00,3000.00,0.00,42470.00,'Pedido generado para pruebas','2025-09-25 07:43:25','2025-10-16 17:02:53'),(218,299,209,3,58095.00,3000.00,0.00,61095.00,'Pedido generado para pruebas','2025-07-30 15:25:25','2025-10-16 17:02:53'),(219,56,38,2,72881.00,3000.00,0.00,75881.00,'Pedido generado para pruebas','2025-08-11 05:05:25','2025-10-16 17:02:53'),(220,49,32,4,13191.00,3000.00,0.00,16191.00,'Pedido generado para pruebas','2025-07-25 19:40:25','2025-10-16 17:02:53'),(221,134,93,1,16791.00,3000.00,0.00,19791.00,'Pedido generado para pruebas','2025-09-30 07:07:25','2025-10-16 17:02:53'),(222,232,166,2,18548.00,3000.00,0.00,21548.00,'Pedido generado para pruebas','2025-08-01 07:17:25','2025-10-16 17:02:53'),(223,165,116,5,26880.00,3000.00,0.00,29880.00,'Pedido generado para pruebas','2025-10-05 11:15:25','2025-10-16 17:02:53'),(224,162,113,5,55587.00,3000.00,0.00,58587.00,'Pedido generado para pruebas','2025-08-20 03:34:25','2025-10-16 17:02:53'),(225,153,107,1,39058.00,3000.00,0.00,42058.00,'Pedido generado para pruebas','2025-07-22 14:33:25','2025-10-16 17:02:53'),(226,68,47,4,29150.00,3000.00,0.00,32150.00,'Pedido generado para pruebas','2025-09-22 06:02:25','2025-10-16 17:02:53'),(227,148,103,2,42466.00,3000.00,0.00,45466.00,'Pedido generado para pruebas','2025-07-31 08:35:25','2025-10-16 17:02:53'),(228,45,29,3,24385.00,3000.00,0.00,27385.00,'Pedido generado para pruebas','2025-09-19 20:13:25','2025-10-16 17:02:53'),(229,289,205,2,38112.00,3000.00,0.00,41112.00,'Pedido generado para pruebas','2025-09-17 07:29:25','2025-10-16 17:02:53'),(230,81,57,2,24081.00,3000.00,0.00,27081.00,'Pedido generado para pruebas','2025-07-29 16:09:25','2025-10-16 17:02:53'),(231,246,176,1,25068.00,3000.00,0.00,28068.00,'Pedido generado para pruebas','2025-09-29 14:09:25','2025-10-16 17:02:53'),(232,296,208,1,20832.00,3000.00,0.00,23832.00,'Pedido generado para pruebas','2025-09-28 22:15:25','2025-10-16 17:02:53'),(233,144,99,3,13290.00,3000.00,0.00,16290.00,'Pedido generado para pruebas','2025-08-23 19:58:25','2025-10-16 17:02:53'),(234,260,184,1,11652.00,3000.00,0.00,14652.00,'Pedido generado para pruebas','2025-09-24 17:01:25','2025-10-16 17:02:53'),(235,55,37,5,27324.00,3000.00,0.00,30324.00,'Pedido generado para pruebas','2025-08-08 11:18:25','2025-10-16 17:02:53'),(236,29,19,2,11454.00,3000.00,0.00,14454.00,'Pedido generado para pruebas','2025-10-09 22:58:25','2025-10-16 17:02:53'),(237,267,190,4,7799.00,3000.00,0.00,10799.00,'Pedido generado para pruebas','2025-09-21 07:11:25','2025-10-16 17:02:53'),(238,210,149,1,11842.00,3000.00,0.00,14842.00,'Pedido generado para pruebas','2025-08-29 20:50:25','2025-10-16 17:02:53'),(239,234,168,3,46288.00,3000.00,0.00,49288.00,'Pedido generado para pruebas','2025-10-06 08:45:25','2025-10-16 17:02:53'),(240,166,117,5,18504.00,3000.00,0.00,21504.00,'Pedido generado para pruebas','2025-08-03 23:16:25','2025-10-16 17:02:53'),(241,105,72,3,26253.00,3000.00,0.00,29253.00,'Pedido generado para pruebas','2025-07-19 08:58:25','2025-10-16 17:02:53'),(242,140,97,4,18639.00,3000.00,0.00,21639.00,'Pedido generado para pruebas','2025-09-27 11:39:25','2025-10-16 17:02:53'),(243,189,134,5,37434.00,3000.00,0.00,40434.00,'Pedido generado para pruebas','2025-08-21 13:21:25','2025-10-16 17:02:53'),(244,10,6,2,22563.00,3000.00,0.00,25563.00,'Pedido generado para pruebas','2025-07-29 19:33:25','2025-10-16 17:02:53'),(245,139,96,3,80834.00,3000.00,0.00,83834.00,'Pedido generado para pruebas','2025-09-26 06:23:25','2025-10-16 17:02:53'),(246,55,37,3,36954.00,3000.00,0.00,39954.00,'Pedido generado para pruebas','2025-09-21 07:08:25','2025-10-16 17:02:53'),(247,146,101,4,42657.00,3000.00,0.00,45657.00,'Pedido generado para pruebas','2025-08-22 00:33:25','2025-10-16 17:02:53'),(248,257,183,4,34772.00,3000.00,0.00,37772.00,'Pedido generado para pruebas','2025-09-22 20:15:25','2025-10-16 17:02:53'),(249,176,124,1,18249.00,3000.00,0.00,21249.00,'Pedido generado para pruebas','2025-08-05 07:31:25','2025-10-16 17:02:53'),(250,13,9,2,29355.00,3000.00,0.00,32355.00,'Pedido generado para pruebas','2025-09-24 23:31:25','2025-10-16 17:02:53');
/*!40000 ALTER TABLE `orders` ENABLE KEYS */;
UNLOCK TABLES;

--
-- Table structure for table `payment_methods`
--

DROP TABLE IF EXISTS `payment_methods`;
/*!40101 SET @saved_cs_client     = @@character_set_client */;
/*!50503 SET character_set_client = utf8mb4 */;
CREATE TABLE `payment_methods` (
  `id` int NOT NULL AUTO_INCREMENT,
  `name` varchar(80) CHARACTER SET utf8mb4 COLLATE utf8mb4_unicode_ci NOT NULL,
  `code` varchar(60) CHARACTER SET utf8mb4 COLLATE utf8mb4_unicode_ci DEFAULT NULL,
  PRIMARY KEY (`id`),
  UNIQUE KEY `name` (`name`)
) ENGINE=InnoDB AUTO_INCREMENT=6 DEFAULT CHARSET=utf8mb4 COLLATE=utf8mb4_unicode_ci;
/*!40101 SET character_set_client = @saved_cs_client */;

--
-- Dumping data for table `payment_methods`
--

LOCK TABLES `payment_methods` WRITE;
/*!40000 ALTER TABLE `payment_methods` DISABLE KEYS */;
INSERT INTO `payment_methods` VALUES (1,'Efectivo','cash'),(2,'Tarjeta de Crédito','card'),(3,'PSE','pse'),(4,'Transferencia Bancaria','bank_transfer'),(5,'PayU','payu');
/*!40000 ALTER TABLE `payment_methods` ENABLE KEYS */;
UNLOCK TABLES;

--
-- Table structure for table `payments`
--

DROP TABLE IF EXISTS `payments`;
/*!40101 SET @saved_cs_client     = @@character_set_client */;
/*!50503 SET character_set_client = utf8mb4 */;
CREATE TABLE `payments` (
  `id` bigint NOT NULL AUTO_INCREMENT,
  `order_id` bigint NOT NULL,
  `method_id` int NOT NULL,
  `status_id` int NOT NULL,
  `amount` decimal(12,2) NOT NULL,
  `transaction_ref` varchar(200) CHARACTER SET utf8mb4 COLLATE utf8mb4_unicode_ci DEFAULT NULL,
  `provider_response` text CHARACTER SET utf8mb4 COLLATE utf8mb4_unicode_ci,
  `created_at` datetime NOT NULL DEFAULT CURRENT_TIMESTAMP,
  `updated_at` datetime NOT NULL DEFAULT CURRENT_TIMESTAMP ON UPDATE CURRENT_TIMESTAMP,
  PRIMARY KEY (`id`),
  KEY `idx_payments_order` (`order_id`),
  KEY `idx_payments_method` (`method_id`),
  KEY `idx_payments_status` (`status_id`),
  CONSTRAINT `fk_payments_method` FOREIGN KEY (`method_id`) REFERENCES `payment_methods` (`id`) ON DELETE RESTRICT ON UPDATE CASCADE,
  CONSTRAINT `fk_payments_order` FOREIGN KEY (`order_id`) REFERENCES `orders` (`id`) ON DELETE CASCADE ON UPDATE CASCADE,
  CONSTRAINT `fk_payments_status` FOREIGN KEY (`status_id`) REFERENCES `statuses` (`id`) ON DELETE RESTRICT ON UPDATE CASCADE
) ENGINE=InnoDB AUTO_INCREMENT=200 DEFAULT CHARSET=utf8mb4 COLLATE=utf8mb4_unicode_ci;
/*!40101 SET character_set_client = @saved_cs_client */;

--
-- Dumping data for table `payments`
--

LOCK TABLES `payments` WRITE;
/*!40000 ALTER TABLE `payments` DISABLE KEYS */;
INSERT INTO `payments` VALUES (1,1,4,7,11418.00,'TX00000001','respuesta_simulada','2025-10-16 17:02:53','2025-10-16 17:02:53'),(2,2,3,6,45219.00,'TX00000002','respuesta_simulada','2025-10-16 17:02:53','2025-10-16 17:02:53'),(3,4,2,6,42537.00,'TX00000003','respuesta_simulada','2025-10-16 17:02:53','2025-10-16 17:02:53'),(4,5,3,9,31247.00,'TX00000004','respuesta_simulada','2025-10-16 17:02:53','2025-10-16 17:02:53'),(5,6,2,7,62961.00,'TX00000005','respuesta_simulada','2025-10-16 17:02:53','2025-10-16 17:02:53'),(6,7,3,7,5095.00,'TX00000006','respuesta_simulada','2025-10-16 17:02:53','2025-10-16 17:02:53'),(7,9,3,7,64254.00,'TX00000007','respuesta_simulada','2025-10-16 17:02:53','2025-10-16 17:02:53'),(8,11,3,8,37661.00,'TX00000008','respuesta_simulada','2025-10-16 17:02:53','2025-10-16 17:02:53'),(9,12,4,7,36390.00,'TX00000009','respuesta_simulada','2025-10-16 17:02:53','2025-10-16 17:02:53'),(10,13,4,7,50840.00,'TX00000010','respuesta_simulada','2025-10-16 17:02:53','2025-10-16 17:02:53'),(11,14,1,7,44403.00,'TX00000011','respuesta_simulada','2025-10-16 17:02:53','2025-10-16 17:02:53'),(12,15,2,7,30904.00,'TX00000012','respuesta_simulada','2025-10-16 17:02:53','2025-10-16 17:02:53'),(13,16,5,7,48922.00,'TX00000013','respuesta_simulada','2025-10-16 17:02:53','2025-10-16 17:02:53'),(14,17,3,7,16844.00,'TX00000014','respuesta_simulada','2025-10-16 17:02:53','2025-10-16 17:02:53'),(15,18,3,7,12070.00,'TX00000015','respuesta_simulada','2025-10-16 17:02:53','2025-10-16 17:02:53'),(16,19,4,7,20181.00,'TX00000016','respuesta_simulada','2025-10-16 17:02:53','2025-10-16 17:02:53'),(17,20,1,7,60353.00,'TX00000017','respuesta_simulada','2025-10-16 17:02:53','2025-10-16 17:02:53'),(18,22,5,7,45317.00,'TX00000018','respuesta_simulada','2025-10-16 17:02:53','2025-10-16 17:02:53'),(19,23,2,7,20580.00,'TX00000019','respuesta_simulada','2025-10-16 17:02:53','2025-10-16 17:02:53'),(20,24,2,7,49971.00,'TX00000020','respuesta_simulada','2025-10-16 17:02:53','2025-10-16 17:02:53'),(21,25,2,7,21960.00,'TX00000021','respuesta_simulada','2025-10-16 17:02:53','2025-10-16 17:02:53'),(22,26,2,8,60054.00,'TX00000022','respuesta_simulada','2025-10-16 17:02:53','2025-10-16 17:02:53'),(23,27,1,7,28456.00,'TX00000023','respuesta_simulada','2025-10-16 17:02:53','2025-10-16 17:02:53'),(24,29,5,7,33309.00,'TX00000024','respuesta_simulada','2025-10-16 17:02:53','2025-10-16 17:02:53'),(25,30,1,6,23469.00,'TX00000025','respuesta_simulada','2025-10-16 17:02:53','2025-10-16 17:02:53'),(26,31,3,7,47587.00,'TX00000026','respuesta_simulada','2025-10-16 17:02:53','2025-10-16 17:02:53'),(27,33,3,7,22053.00,'TX00000027','respuesta_simulada','2025-10-16 17:02:53','2025-10-16 17:02:53'),(28,34,5,7,43726.00,'TX00000028','respuesta_simulada','2025-10-16 17:02:53','2025-10-16 17:02:53'),(29,36,4,9,23211.00,'TX00000029','respuesta_simulada','2025-10-16 17:02:53','2025-10-16 17:02:53'),(30,37,4,8,66707.00,'TX00000030','respuesta_simulada','2025-10-16 17:02:53','2025-10-16 17:02:53'),(31,38,1,6,39220.00,'TX00000031','respuesta_simulada','2025-10-16 17:02:53','2025-10-16 17:02:53'),(32,41,1,6,37960.00,'TX00000032','respuesta_simulada','2025-10-16 17:02:53','2025-10-16 17:02:53'),(33,42,1,7,20206.00,'TX00000033','respuesta_simulada','2025-10-16 17:02:53','2025-10-16 17:02:53'),(34,43,1,7,47364.00,'TX00000034','respuesta_simulada','2025-10-16 17:02:53','2025-10-16 17:02:53'),(35,44,1,7,29303.00,'TX00000035','respuesta_simulada','2025-10-16 17:02:53','2025-10-16 17:02:53'),(36,45,3,9,21639.00,'TX00000036','respuesta_simulada','2025-10-16 17:02:53','2025-10-16 17:02:53'),(37,46,5,7,10638.00,'TX00000037','respuesta_simulada','2025-10-16 17:02:53','2025-10-16 17:02:53'),(38,47,2,8,43404.00,'TX00000038','respuesta_simulada','2025-10-16 17:02:53','2025-10-16 17:02:53'),(39,49,1,6,48542.00,'TX00000039','respuesta_simulada','2025-10-16 17:02:53','2025-10-16 17:02:53'),(40,51,5,6,18615.00,'TX00000040','respuesta_simulada','2025-10-16 17:02:53','2025-10-16 17:02:53'),(41,52,1,7,41647.00,'TX00000041','respuesta_simulada','2025-10-16 17:02:53','2025-10-16 17:02:53'),(42,53,4,8,33517.00,'TX00000042','respuesta_simulada','2025-10-16 17:02:53','2025-10-16 17:02:53'),(43,54,5,7,8518.00,'TX00000043','respuesta_simulada','2025-10-16 17:02:53','2025-10-16 17:02:53'),(44,55,1,7,35587.00,'TX00000044','respuesta_simulada','2025-10-16 17:02:53','2025-10-16 17:02:53'),(45,56,2,7,9530.00,'TX00000045','respuesta_simulada','2025-10-16 17:02:53','2025-10-16 17:02:53'),(46,57,1,7,44775.00,'TX00000046','respuesta_simulada','2025-10-16 17:02:53','2025-10-16 17:02:53'),(47,58,4,7,38266.00,'TX00000047','respuesta_simulada','2025-10-16 17:02:53','2025-10-16 17:02:53'),(48,59,2,7,69293.00,'TX00000048','respuesta_simulada','2025-10-16 17:02:53','2025-10-16 17:02:53'),(49,60,5,6,30969.00,'TX00000049','respuesta_simulada','2025-10-16 17:02:53','2025-10-16 17:02:53'),(50,61,5,7,12990.00,'TX00000050','respuesta_simulada','2025-10-16 17:02:53','2025-10-16 17:02:53'),(51,62,4,7,46966.00,'TX00000051','respuesta_simulada','2025-10-16 17:02:53','2025-10-16 17:02:53'),(52,63,1,8,12031.00,'TX00000052','respuesta_simulada','2025-10-16 17:02:53','2025-10-16 17:02:53'),(53,64,5,7,8010.00,'TX00000053','respuesta_simulada','2025-10-16 17:02:53','2025-10-16 17:02:53'),(54,65,1,7,40083.00,'TX00000054','respuesta_simulada','2025-10-16 17:02:53','2025-10-16 17:02:53'),(55,66,3,9,26668.00,'TX00000055','respuesta_simulada','2025-10-16 17:02:53','2025-10-16 17:02:53'),(56,68,3,7,39671.00,'TX00000056','respuesta_simulada','2025-10-16 17:02:53','2025-10-16 17:02:53'),(57,69,4,7,20538.00,'TX00000057','respuesta_simulada','2025-10-16 17:02:53','2025-10-16 17:02:53'),(58,71,1,8,53994.00,'TX00000058','respuesta_simulada','2025-10-16 17:02:53','2025-10-16 17:02:53'),(59,73,1,7,49361.00,'TX00000059','respuesta_simulada','2025-10-16 17:02:53','2025-10-16 17:02:53'),(60,74,4,7,57051.00,'TX00000060','respuesta_simulada','2025-10-16 17:02:53','2025-10-16 17:02:53'),(61,75,2,9,37553.00,'TX00000061','respuesta_simulada','2025-10-16 17:02:53','2025-10-16 17:02:53'),(62,78,4,9,14565.00,'TX00000062','respuesta_simulada','2025-10-16 17:02:53','2025-10-16 17:02:53'),(63,80,2,7,24652.00,'TX00000063','respuesta_simulada','2025-10-16 17:02:53','2025-10-16 17:02:53'),(64,81,3,8,29548.00,'TX00000064','respuesta_simulada','2025-10-16 17:02:53','2025-10-16 17:02:53'),(65,82,4,7,38316.00,'TX00000065','respuesta_simulada','2025-10-16 17:02:53','2025-10-16 17:02:53'),(66,83,2,8,21579.00,'TX00000066','respuesta_simulada','2025-10-16 17:02:53','2025-10-16 17:02:53'),(67,84,2,7,47726.00,'TX00000067','respuesta_simulada','2025-10-16 17:02:53','2025-10-16 17:02:53'),(68,85,3,9,11120.00,'TX00000068','respuesta_simulada','2025-10-16 17:02:53','2025-10-16 17:02:53'),(69,86,5,9,13506.00,'TX00000069','respuesta_simulada','2025-10-16 17:02:53','2025-10-16 17:02:53'),(70,87,3,7,55476.00,'TX00000070','respuesta_simulada','2025-10-16 17:02:53','2025-10-16 17:02:53'),(71,88,1,7,27117.00,'TX00000071','respuesta_simulada','2025-10-16 17:02:53','2025-10-16 17:02:53'),(72,89,5,7,22448.00,'TX00000072','respuesta_simulada','2025-10-16 17:02:53','2025-10-16 17:02:53'),(73,90,3,7,55361.00,'TX00000073','respuesta_simulada','2025-10-16 17:02:53','2025-10-16 17:02:53'),(74,91,3,6,56972.00,'TX00000074','respuesta_simulada','2025-10-16 17:02:53','2025-10-16 17:02:53'),(75,92,2,8,18580.00,'TX00000075','respuesta_simulada','2025-10-16 17:02:53','2025-10-16 17:02:53'),(76,93,3,7,26107.00,'TX00000076','respuesta_simulada','2025-10-16 17:02:53','2025-10-16 17:02:53'),(77,95,5,7,44179.00,'TX00000077','respuesta_simulada','2025-10-16 17:02:53','2025-10-16 17:02:53'),(78,97,4,7,41630.00,'TX00000078','respuesta_simulada','2025-10-16 17:02:53','2025-10-16 17:02:53'),(79,99,4,7,7618.00,'TX00000079','respuesta_simulada','2025-10-16 17:02:53','2025-10-16 17:02:53'),(80,100,1,7,19653.00,'TX00000080','respuesta_simulada','2025-10-16 17:02:53','2025-10-16 17:02:53'),(81,102,5,7,47302.00,'TX00000081','respuesta_simulada','2025-10-16 17:02:53','2025-10-16 17:02:53'),(82,103,5,7,53979.00,'TX00000082','respuesta_simulada','2025-10-16 17:02:53','2025-10-16 17:02:53'),(83,104,3,8,59022.00,'TX00000083','respuesta_simulada','2025-10-16 17:02:53','2025-10-16 17:02:53'),(84,105,5,7,26643.00,'TX00000084','respuesta_simulada','2025-10-16 17:02:53','2025-10-16 17:02:53'),(85,106,4,8,21950.00,'TX00000085','respuesta_simulada','2025-10-16 17:02:53','2025-10-16 17:02:53'),(86,108,2,7,43179.00,'TX00000086','respuesta_simulada','2025-10-16 17:02:53','2025-10-16 17:02:53'),(87,109,2,7,40749.00,'TX00000087','respuesta_simulada','2025-10-16 17:02:53','2025-10-16 17:02:53'),(88,110,5,7,21899.00,'TX00000088','respuesta_simulada','2025-10-16 17:02:53','2025-10-16 17:02:53'),(89,111,1,7,64054.00,'TX00000089','respuesta_simulada','2025-10-16 17:02:53','2025-10-16 17:02:53'),(90,112,2,7,43938.00,'TX00000090','respuesta_simulada','2025-10-16 17:02:53','2025-10-16 17:02:53'),(91,113,2,7,9525.00,'TX00000091','respuesta_simulada','2025-10-16 17:02:53','2025-10-16 17:02:53'),(92,114,3,8,51032.00,'TX00000092','respuesta_simulada','2025-10-16 17:02:53','2025-10-16 17:02:53'),(93,115,4,7,9285.00,'TX00000093','respuesta_simulada','2025-10-16 17:02:53','2025-10-16 17:02:53'),(94,116,4,7,6771.00,'TX00000094','respuesta_simulada','2025-10-16 17:02:53','2025-10-16 17:02:53'),(95,117,1,7,46885.00,'TX00000095','respuesta_simulada','2025-10-16 17:02:53','2025-10-16 17:02:53'),(96,118,2,7,30786.00,'TX00000096','respuesta_simulada','2025-10-16 17:02:53','2025-10-16 17:02:53'),(97,119,3,6,36199.00,'TX00000097','respuesta_simulada','2025-10-16 17:02:53','2025-10-16 17:02:53'),(98,120,2,7,50874.00,'TX00000098','respuesta_simulada','2025-10-16 17:02:53','2025-10-16 17:02:53'),(99,121,3,8,27834.00,'TX00000099','respuesta_simulada','2025-10-16 17:02:53','2025-10-16 17:02:53'),(100,122,3,8,27001.00,'TX00000100','respuesta_simulada','2025-10-16 17:02:53','2025-10-16 17:02:53'),(101,123,4,7,5723.00,'TX00000101','respuesta_simulada','2025-10-16 17:02:53','2025-10-16 17:02:53'),(102,124,3,7,23072.00,'TX00000102','respuesta_simulada','2025-10-16 17:02:53','2025-10-16 17:02:53'),(103,126,2,7,12639.00,'TX00000103','respuesta_simulada','2025-10-16 17:02:53','2025-10-16 17:02:53'),(104,127,1,7,25699.00,'TX00000104','respuesta_simulada','2025-10-16 17:02:53','2025-10-16 17:02:53'),(105,128,2,7,34183.00,'TX00000105','respuesta_simulada','2025-10-16 17:02:53','2025-10-16 17:02:53'),(106,129,3,7,9155.00,'TX00000106','respuesta_simulada','2025-10-16 17:02:53','2025-10-16 17:02:53'),(107,130,5,7,56080.00,'TX00000107','respuesta_simulada','2025-10-16 17:02:53','2025-10-16 17:02:53'),(108,131,2,9,86340.00,'TX00000108','respuesta_simulada','2025-10-16 17:02:53','2025-10-16 17:02:53'),(109,133,2,7,35595.00,'TX00000109','respuesta_simulada','2025-10-16 17:02:53','2025-10-16 17:02:53'),(110,134,4,8,62273.00,'TX00000110','respuesta_simulada','2025-10-16 17:02:53','2025-10-16 17:02:53'),(111,135,1,7,72000.00,'TX00000111','respuesta_simulada','2025-10-16 17:02:53','2025-10-16 17:02:53'),(112,136,5,7,10239.00,'TX00000112','respuesta_simulada','2025-10-16 17:02:53','2025-10-16 17:02:53'),(113,137,1,7,60320.00,'TX00000113','respuesta_simulada','2025-10-16 17:02:53','2025-10-16 17:02:53'),(114,138,5,7,13940.00,'TX00000114','respuesta_simulada','2025-10-16 17:02:53','2025-10-16 17:02:53'),(115,139,4,7,44736.00,'TX00000115','respuesta_simulada','2025-10-16 17:02:53','2025-10-16 17:02:53'),(116,140,4,8,19870.00,'TX00000116','respuesta_simulada','2025-10-16 17:02:53','2025-10-16 17:02:53'),(117,141,5,7,79209.00,'TX00000117','respuesta_simulada','2025-10-16 17:02:53','2025-10-16 17:02:53'),(118,142,3,6,36860.00,'TX00000118','respuesta_simulada','2025-10-16 17:02:53','2025-10-16 17:02:53'),(119,143,2,7,48420.00,'TX00000119','respuesta_simulada','2025-10-16 17:02:53','2025-10-16 17:02:53'),(120,144,2,8,35700.00,'TX00000120','respuesta_simulada','2025-10-16 17:02:53','2025-10-16 17:02:53'),(121,145,5,7,33724.00,'TX00000121','respuesta_simulada','2025-10-16 17:02:53','2025-10-16 17:02:53'),(122,146,3,8,36132.00,'TX00000122','respuesta_simulada','2025-10-16 17:02:53','2025-10-16 17:02:53'),(123,151,1,7,34717.00,'TX00000123','respuesta_simulada','2025-10-16 17:02:53','2025-10-16 17:02:53'),(124,152,2,7,59968.00,'TX00000124','respuesta_simulada','2025-10-16 17:02:53','2025-10-16 17:02:53'),(125,153,5,7,58672.00,'TX00000125','respuesta_simulada','2025-10-16 17:02:53','2025-10-16 17:02:53'),(126,154,5,7,41796.00,'TX00000126','respuesta_simulada','2025-10-16 17:02:53','2025-10-16 17:02:53'),(127,155,3,6,52015.00,'TX00000127','respuesta_simulada','2025-10-16 17:02:53','2025-10-16 17:02:53'),(128,156,1,6,47094.00,'TX00000128','respuesta_simulada','2025-10-16 17:02:53','2025-10-16 17:02:53'),(129,157,5,8,24129.00,'TX00000129','respuesta_simulada','2025-10-16 17:02:53','2025-10-16 17:02:53'),(130,158,3,7,49426.00,'TX00000130','respuesta_simulada','2025-10-16 17:02:53','2025-10-16 17:02:53'),(131,159,1,7,28964.00,'TX00000131','respuesta_simulada','2025-10-16 17:02:53','2025-10-16 17:02:53'),(132,160,5,6,30256.00,'TX00000132','respuesta_simulada','2025-10-16 17:02:53','2025-10-16 17:02:53'),(133,161,5,7,55838.00,'TX00000133','respuesta_simulada','2025-10-16 17:02:53','2025-10-16 17:02:53'),(134,163,5,8,28362.00,'TX00000134','respuesta_simulada','2025-10-16 17:02:53','2025-10-16 17:02:53'),(135,164,5,6,10896.00,'TX00000135','respuesta_simulada','2025-10-16 17:02:53','2025-10-16 17:02:53'),(136,165,3,6,59698.00,'TX00000136','respuesta_simulada','2025-10-16 17:02:53','2025-10-16 17:02:53'),(137,166,2,7,60106.00,'TX00000137','respuesta_simulada','2025-10-16 17:02:53','2025-10-16 17:02:53'),(138,168,2,7,60025.00,'TX00000138','respuesta_simulada','2025-10-16 17:02:53','2025-10-16 17:02:53'),(139,169,2,6,53700.00,'TX00000139','respuesta_simulada','2025-10-16 17:02:53','2025-10-16 17:02:53'),(140,170,3,7,25848.00,'TX00000140','respuesta_simulada','2025-10-16 17:02:53','2025-10-16 17:02:53'),(141,171,4,7,13572.00,'TX00000141','respuesta_simulada','2025-10-16 17:02:53','2025-10-16 17:02:53'),(142,172,5,9,44426.00,'TX00000142','respuesta_simulada','2025-10-16 17:02:53','2025-10-16 17:02:53'),(143,174,2,7,27567.00,'TX00000143','respuesta_simulada','2025-10-16 17:02:53','2025-10-16 17:02:53'),(144,175,5,7,10730.00,'TX00000144','respuesta_simulada','2025-10-16 17:02:53','2025-10-16 17:02:53'),(145,176,4,7,13779.00,'TX00000145','respuesta_simulada','2025-10-16 17:02:53','2025-10-16 17:02:53'),(146,180,5,7,19054.00,'TX00000146','respuesta_simulada','2025-10-16 17:02:53','2025-10-16 17:02:53'),(147,181,4,7,43897.00,'TX00000147','respuesta_simulada','2025-10-16 17:02:53','2025-10-16 17:02:53'),(148,182,2,7,20354.00,'TX00000148','respuesta_simulada','2025-10-16 17:02:53','2025-10-16 17:02:53'),(149,183,4,7,24766.00,'TX00000149','respuesta_simulada','2025-10-16 17:02:53','2025-10-16 17:02:53'),(150,185,5,7,23460.00,'TX00000150','respuesta_simulada','2025-10-16 17:02:53','2025-10-16 17:02:53'),(151,186,1,7,29456.00,'TX00000151','respuesta_simulada','2025-10-16 17:02:53','2025-10-16 17:02:53'),(152,187,5,8,7379.00,'TX00000152','respuesta_simulada','2025-10-16 17:02:53','2025-10-16 17:02:53'),(153,189,1,7,23946.00,'TX00000153','respuesta_simulada','2025-10-16 17:02:53','2025-10-16 17:02:53'),(154,191,3,7,40985.00,'TX00000154','respuesta_simulada','2025-10-16 17:02:53','2025-10-16 17:02:53'),(155,192,4,7,15608.00,'TX00000155','respuesta_simulada','2025-10-16 17:02:53','2025-10-16 17:02:53'),(156,193,2,7,34906.00,'TX00000156','respuesta_simulada','2025-10-16 17:02:53','2025-10-16 17:02:53'),(157,194,5,7,21465.00,'TX00000157','respuesta_simulada','2025-10-16 17:02:53','2025-10-16 17:02:53'),(158,195,1,8,33054.00,'TX00000158','respuesta_simulada','2025-10-16 17:02:53','2025-10-16 17:02:53'),(159,198,4,7,63427.00,'TX00000159','respuesta_simulada','2025-10-16 17:02:53','2025-10-16 17:02:53'),(160,199,5,6,26390.00,'TX00000160','respuesta_simulada','2025-10-16 17:02:53','2025-10-16 17:02:53'),(161,202,4,7,64836.00,'TX00000161','respuesta_simulada','2025-10-16 17:02:53','2025-10-16 17:02:53'),(162,203,4,9,26304.00,'TX00000162','respuesta_simulada','2025-10-16 17:02:53','2025-10-16 17:02:53'),(163,204,5,7,36591.00,'TX00000163','respuesta_simulada','2025-10-16 17:02:53','2025-10-16 17:02:53'),(164,205,5,7,7618.00,'TX00000164','respuesta_simulada','2025-10-16 17:02:53','2025-10-16 17:02:53'),(165,206,5,7,8114.00,'TX00000165','respuesta_simulada','2025-10-16 17:02:53','2025-10-16 17:02:53'),(166,207,2,7,45863.00,'TX00000166','respuesta_simulada','2025-10-16 17:02:53','2025-10-16 17:02:53'),(167,208,5,6,52575.00,'TX00000167','respuesta_simulada','2025-10-16 17:02:53','2025-10-16 17:02:53'),(168,209,2,7,64693.00,'TX00000168','respuesta_simulada','2025-10-16 17:02:53','2025-10-16 17:02:53'),(169,210,4,8,59855.00,'TX00000169','respuesta_simulada','2025-10-16 17:02:53','2025-10-16 17:02:53'),(170,211,3,9,20896.00,'TX00000170','respuesta_simulada','2025-10-16 17:02:53','2025-10-16 17:02:53'),(171,212,4,9,45825.00,'TX00000171','respuesta_simulada','2025-10-16 17:02:53','2025-10-16 17:02:53'),(172,213,3,9,18514.00,'TX00000172','respuesta_simulada','2025-10-16 17:02:53','2025-10-16 17:02:53'),(173,214,4,9,77133.00,'TX00000173','respuesta_simulada','2025-10-16 17:02:53','2025-10-16 17:02:53'),(174,215,1,7,8575.00,'TX00000174','respuesta_simulada','2025-10-16 17:02:53','2025-10-16 17:02:53'),(175,216,4,9,23953.00,'TX00000175','respuesta_simulada','2025-10-16 17:02:53','2025-10-16 17:02:53'),(176,217,4,7,42470.00,'TX00000176','respuesta_simulada','2025-10-16 17:02:53','2025-10-16 17:02:53'),(177,220,4,6,16191.00,'TX00000177','respuesta_simulada','2025-10-16 17:02:53','2025-10-16 17:02:53'),(178,221,3,8,19791.00,'TX00000178','respuesta_simulada','2025-10-16 17:02:53','2025-10-16 17:02:53'),(179,222,4,9,21548.00,'TX00000179','respuesta_simulada','2025-10-16 17:02:53','2025-10-16 17:02:53'),(180,224,4,7,58587.00,'TX00000180','respuesta_simulada','2025-10-16 17:02:53','2025-10-16 17:02:53'),(181,225,5,7,42058.00,'TX00000181','respuesta_simulada','2025-10-16 17:02:53','2025-10-16 17:02:53'),(182,226,1,6,32150.00,'TX00000182','respuesta_simulada','2025-10-16 17:02:53','2025-10-16 17:02:53'),(183,227,1,7,45466.00,'TX00000183','respuesta_simulada','2025-10-16 17:02:53','2025-10-16 17:02:53'),(184,229,1,7,41112.00,'TX00000184','respuesta_simulada','2025-10-16 17:02:53','2025-10-16 17:02:53'),(185,230,5,7,27081.00,'TX00000185','respuesta_simulada','2025-10-16 17:02:53','2025-10-16 17:02:53'),(186,231,1,7,28068.00,'TX00000186','respuesta_simulada','2025-10-16 17:02:53','2025-10-16 17:02:53'),(187,233,5,6,16290.00,'TX00000187','respuesta_simulada','2025-10-16 17:02:53','2025-10-16 17:02:53'),(188,234,4,7,14652.00,'TX00000188','respuesta_simulada','2025-10-16 17:02:53','2025-10-16 17:02:53'),(189,235,2,6,30324.00,'TX00000189','respuesta_simulada','2025-10-16 17:02:53','2025-10-16 17:02:53'),(190,236,5,9,14454.00,'TX00000190','respuesta_simulada','2025-10-16 17:02:53','2025-10-16 17:02:53'),(191,237,1,7,10799.00,'TX00000191','respuesta_simulada','2025-10-16 17:02:53','2025-10-16 17:02:53'),(192,239,2,7,49288.00,'TX00000192','respuesta_simulada','2025-10-16 17:02:53','2025-10-16 17:02:53'),(193,241,3,6,29253.00,'TX00000193','respuesta_simulada','2025-10-16 17:02:53','2025-10-16 17:02:53'),(194,242,1,7,21639.00,'TX00000194','respuesta_simulada','2025-10-16 17:02:53','2025-10-16 17:02:53'),(195,243,5,7,40434.00,'TX00000195','respuesta_simulada','2025-10-16 17:02:53','2025-10-16 17:02:53'),(196,244,4,7,25563.00,'TX00000196','respuesta_simulada','2025-10-16 17:02:53','2025-10-16 17:02:53'),(197,245,5,7,83834.00,'TX00000197','respuesta_simulada','2025-10-16 17:02:53','2025-10-16 17:02:53'),(198,247,4,6,45657.00,'TX00000198','respuesta_simulada','2025-10-16 17:02:53','2025-10-16 17:02:53'),(199,249,1,7,21249.00,'TX00000199','respuesta_simulada','2025-10-16 17:02:53','2025-10-16 17:02:53');
/*!40000 ALTER TABLE `payments` ENABLE KEYS */;
UNLOCK TABLES;

--
-- Table structure for table `product_images`
--

DROP TABLE IF EXISTS `product_images`;
/*!40101 SET @saved_cs_client     = @@character_set_client */;
/*!50503 SET character_set_client = utf8mb4 */;
CREATE TABLE `product_images` (
  `id` bigint NOT NULL AUTO_INCREMENT,
  `product_id` bigint NOT NULL,
  `url` varchar(400) CHARACTER SET utf8mb4 COLLATE utf8mb4_unicode_ci NOT NULL,
  `alt_text` varchar(200) CHARACTER SET utf8mb4 COLLATE utf8mb4_unicode_ci DEFAULT NULL,
  `position` int NOT NULL DEFAULT '0',
  `is_main` tinyint(1) NOT NULL DEFAULT '0',
  `created_at` datetime NOT NULL DEFAULT CURRENT_TIMESTAMP,
  PRIMARY KEY (`id`),
  KEY `idx_pi_product` (`product_id`),
  CONSTRAINT `fk_pi_product` FOREIGN KEY (`product_id`) REFERENCES `products` (`id`) ON DELETE CASCADE ON UPDATE CASCADE
) ENGINE=InnoDB AUTO_INCREMENT=116 DEFAULT CHARSET=utf8mb4 COLLATE=utf8mb4_unicode_ci;
/*!40101 SET character_set_client = @saved_cs_client */;

--
-- Dumping data for table `product_images`
--

LOCK TABLES `product_images` WRITE;
/*!40000 ALTER TABLE `product_images` DISABLE KEYS */;
INSERT INTO `product_images` VALUES (1,1,'https://example.com/images/jugo-de-naranja.jpg','Jugo de Naranja',0,1,'2025-10-16 17:02:49'),(2,2,'https://example.com/images/jugo-de-mango.jpg','Jugo de Mango',0,1,'2025-10-16 17:02:49'),(3,3,'https://example.com/images/jugo-de-maracuya.jpg','Jugo de Maracuyá',0,1,'2025-10-16 17:02:49'),(4,4,'https://example.com/images/jugo-de-fresa.jpg','Jugo de Fresa',0,1,'2025-10-16 17:02:49'),(5,5,'https://example.com/images/jugo-de-banano.jpg','Jugo de Banano',0,1,'2025-10-16 17:02:49'),(6,6,'https://example.com/images/jugo-de-papaya.jpg','Jugo de Papaya',0,1,'2025-10-16 17:02:49'),(7,7,'https://example.com/images/jugo-de-pina.jpg','Jugo de Piña',0,1,'2025-10-16 17:02:49'),(8,8,'https://example.com/images/jugo-de-lulo.jpg','Jugo de Lulo',0,1,'2025-10-16 17:02:49'),(9,9,'https://example.com/images/jugo-de-guanabana.jpg','Jugo de Guanábana',0,1,'2025-10-16 17:02:49'),(10,10,'https://example.com/images/jugo-de-mora.jpg','Jugo de Mora',0,1,'2025-10-16 17:02:49'),(11,11,'https://example.com/images/jugo-de-lima.jpg','Jugo de Lima',0,1,'2025-10-16 17:02:49'),(12,12,'https://example.com/images/jugo-de-cereza.jpg','Jugo de Cereza',0,1,'2025-10-16 17:02:49'),(13,13,'https://example.com/images/jugo-de-manzana.jpg','Jugo de Manzana',0,1,'2025-10-16 17:02:49'),(14,14,'https://example.com/images/jugo-de-pera.jpg','Jugo de Pera',0,1,'2025-10-16 17:02:49'),(15,15,'https://example.com/images/jugo-de-melon.jpg','Jugo de Melón',0,1,'2025-10-16 17:02:49'),(16,16,'https://example.com/images/jugo-de-kiwi.jpg','Jugo de Kiwi',0,1,'2025-10-16 17:02:49'),(17,17,'https://example.com/images/jugo-de-guayaba.jpg','Jugo de Guayaba',0,1,'2025-10-16 17:02:49'),(18,18,'https://example.com/images/jugo-de-coco.jpg','Jugo de Coco',0,1,'2025-10-16 17:02:49'),(19,19,'https://example.com/images/jugo-de-aguacate.jpg','Jugo de Aguacate',0,1,'2025-10-16 17:02:49'),(20,20,'https://example.com/images/jugo-de-camu-camu.jpg','Jugo de Camu Camu',0,1,'2025-10-16 17:02:49'),(21,21,'https://example.com/images/jugo-de-naranja-y-mango.jpg','Jugo de Naranja y Mango',0,1,'2025-10-16 17:02:49'),(22,22,'https://example.com/images/jugo-de-naranja-y-maracuya.jpg','Jugo de Naranja y Maracuyá',0,1,'2025-10-16 17:02:49'),(23,23,'https://example.com/images/jugo-de-naranja-y-fresa.jpg','Jugo de Naranja y Fresa',0,1,'2025-10-16 17:02:49'),(24,24,'https://example.com/images/jugo-de-mango-y-maracuya.jpg','Jugo de Mango y Maracuyá',0,1,'2025-10-16 17:02:49'),(25,25,'https://example.com/images/jugo-de-mango-y-fresa.jpg','Jugo de Mango y Fresa',0,1,'2025-10-16 17:02:49'),(26,26,'https://example.com/images/jugo-de-mango-y-banano.jpg','Jugo de Mango y Banano',0,1,'2025-10-16 17:02:49'),(27,27,'https://example.com/images/jugo-de-maracuya-y-fresa.jpg','Jugo de Maracuyá y Fresa',0,1,'2025-10-16 17:02:49'),(28,28,'https://example.com/images/jugo-de-maracuya-y-banano.jpg','Jugo de Maracuyá y Banano',0,1,'2025-10-16 17:02:49'),(29,29,'https://example.com/images/jugo-de-maracuya-y-papaya.jpg','Jugo de Maracuyá y Papaya',0,1,'2025-10-16 17:02:49'),(30,30,'https://example.com/images/jugo-de-fresa-y-banano.jpg','Jugo de Fresa y Banano',0,1,'2025-10-16 17:02:49'),(31,31,'https://example.com/images/jugo-de-fresa-y-papaya.jpg','Jugo de Fresa y Papaya',0,1,'2025-10-16 17:02:49'),(32,32,'https://example.com/images/jugo-de-fresa-y-pina.jpg','Jugo de Fresa y Piña',0,1,'2025-10-16 17:02:49'),(33,33,'https://example.com/images/jugo-de-banano-y-papaya.jpg','Jugo de Banano y Papaya',0,1,'2025-10-16 17:02:49'),(34,34,'https://example.com/images/jugo-de-banano-y-pina.jpg','Jugo de Banano y Piña',0,1,'2025-10-16 17:02:49'),(35,35,'https://example.com/images/jugo-de-banano-y-lulo.jpg','Jugo de Banano y Lulo',0,1,'2025-10-16 17:02:49'),(36,36,'https://example.com/images/jugo-de-papaya-y-pina.jpg','Jugo de Papaya y Piña',0,1,'2025-10-16 17:02:49'),(37,37,'https://example.com/images/jugo-de-papaya-y-lulo.jpg','Jugo de Papaya y Lulo',0,1,'2025-10-16 17:02:49'),(38,38,'https://example.com/images/jugo-de-papaya-y-guanabana.jpg','Jugo de Papaya y Guanábana',0,1,'2025-10-16 17:02:49'),(39,39,'https://example.com/images/jugo-de-pina-y-lulo.jpg','Jugo de Piña y Lulo',0,1,'2025-10-16 17:02:49'),(40,40,'https://example.com/images/jugo-de-pina-y-guanabana.jpg','Jugo de Piña y Guanábana',0,1,'2025-10-16 17:02:49'),(41,41,'https://example.com/images/jugo-de-pina-y-mora.jpg','Jugo de Piña y Mora',0,1,'2025-10-16 17:02:49'),(42,42,'https://example.com/images/jugo-de-lulo-y-guanabana.jpg','Jugo de Lulo y Guanábana',0,1,'2025-10-16 17:02:49'),(43,43,'https://example.com/images/jugo-de-lulo-y-mora.jpg','Jugo de Lulo y Mora',0,1,'2025-10-16 17:02:49'),(44,44,'https://example.com/images/jugo-de-lulo-y-lima.jpg','Jugo de Lulo y Lima',0,1,'2025-10-16 17:02:49'),(45,45,'https://example.com/images/jugo-de-guanabana-y-mora.jpg','Jugo de Guanábana y Mora',0,1,'2025-10-16 17:02:49'),(46,46,'https://example.com/images/jugo-de-guanabana-y-lima.jpg','Jugo de Guanábana y Lima',0,1,'2025-10-16 17:02:49'),(47,47,'https://example.com/images/jugo-de-guanabana-y-cereza.jpg','Jugo de Guanábana y Cereza',0,1,'2025-10-16 17:02:49'),(48,48,'https://example.com/images/jugo-de-mora-y-lima.jpg','Jugo de Mora y Lima',0,1,'2025-10-16 17:02:49'),(49,49,'https://example.com/images/jugo-de-mora-y-cereza.jpg','Jugo de Mora y Cereza',0,1,'2025-10-16 17:02:49'),(50,50,'https://example.com/images/jugo-de-mora-y-manzana.jpg','Jugo de Mora y Manzana',0,1,'2025-10-16 17:02:49'),(51,51,'https://example.com/images/jugo-de-lima-y-cereza.jpg','Jugo de Lima y Cereza',0,1,'2025-10-16 17:02:49'),(52,52,'https://example.com/images/jugo-de-lima-y-manzana.jpg','Jugo de Lima y Manzana',0,1,'2025-10-16 17:02:49'),(53,53,'https://example.com/images/jugo-de-lima-y-pera.jpg','Jugo de Lima y Pera',0,1,'2025-10-16 17:02:49'),(54,54,'https://example.com/images/jugo-de-cereza-y-manzana.jpg','Jugo de Cereza y Manzana',0,1,'2025-10-16 17:02:49'),(55,55,'https://example.com/images/jugo-de-cereza-y-pera.jpg','Jugo de Cereza y Pera',0,1,'2025-10-16 17:02:49'),(56,56,'https://example.com/images/jugo-de-cereza-y-melon.jpg','Jugo de Cereza y Melón',0,1,'2025-10-16 17:02:49'),(57,57,'https://example.com/images/jugo-de-manzana-y-pera.jpg','Jugo de Manzana y Pera',0,1,'2025-10-16 17:02:49'),(58,58,'https://example.com/images/jugo-de-manzana-y-melon.jpg','Jugo de Manzana y Melón',0,1,'2025-10-16 17:02:49'),(59,59,'https://example.com/images/jugo-de-manzana-y-kiwi.jpg','Jugo de Manzana y Kiwi',0,1,'2025-10-16 17:02:49'),(60,60,'https://example.com/images/jugo-de-pera-y-melon.jpg','Jugo de Pera y Melón',0,1,'2025-10-16 17:02:49'),(61,61,'https://example.com/images/jugo-de-pera-y-kiwi.jpg','Jugo de Pera y Kiwi',0,1,'2025-10-16 17:02:49'),(62,62,'https://example.com/images/jugo-de-pera-y-guayaba.jpg','Jugo de Pera y Guayaba',0,1,'2025-10-16 17:02:49'),(63,63,'https://example.com/images/jugo-de-melon-y-kiwi.jpg','Jugo de Melón y Kiwi',0,1,'2025-10-16 17:02:49'),(64,64,'https://example.com/images/jugo-de-melon-y-guayaba.jpg','Jugo de Melón y Guayaba',0,1,'2025-10-16 17:02:49'),(65,65,'https://example.com/images/jugo-de-melon-y-coco.jpg','Jugo de Melón y Coco',0,1,'2025-10-16 17:02:49'),(66,66,'https://example.com/images/jugo-de-kiwi-y-guayaba.jpg','Jugo de Kiwi y Guayaba',0,1,'2025-10-16 17:02:49'),(67,67,'https://example.com/images/jugo-de-kiwi-y-coco.jpg','Jugo de Kiwi y Coco',0,1,'2025-10-16 17:02:49'),(68,68,'https://example.com/images/jugo-de-kiwi-y-aguacate.jpg','Jugo de Kiwi y Aguacate',0,1,'2025-10-16 17:02:49'),(69,69,'https://example.com/images/jugo-de-guayaba-y-coco.jpg','Jugo de Guayaba y Coco',0,1,'2025-10-16 17:02:49'),(70,70,'https://example.com/images/jugo-de-guayaba-y-aguacate.jpg','Jugo de Guayaba y Aguacate',0,1,'2025-10-16 17:02:49'),(71,71,'https://example.com/images/jugo-de-guayaba-y-camu-camu.jpg','Jugo de Guayaba y Camu Camu',0,1,'2025-10-16 17:02:49'),(72,72,'https://example.com/images/jugo-de-coco-y-aguacate.jpg','Jugo de Coco y Aguacate',0,1,'2025-10-16 17:02:49'),(73,73,'https://example.com/images/jugo-de-coco-y-camu-camu.jpg','Jugo de Coco y Camu Camu',0,1,'2025-10-16 17:02:49'),(74,74,'https://example.com/images/jugo-de-aguacate-y-camu-camu.jpg','Jugo de Aguacate y Camu Camu',0,1,'2025-10-16 17:02:49'),(75,75,'https://example.com/images/batido-de-guanabana.jpg','Batido de Guanábana',0,1,'2025-10-16 17:02:49'),(76,76,'https://example.com/images/batido-de-maracuya.jpg','Batido de Maracuyá',0,1,'2025-10-16 17:02:49'),(77,77,'https://example.com/images/batido-de-banano.jpg','Batido de Banano',0,1,'2025-10-16 17:02:49'),(78,78,'https://example.com/images/batido-de-mora.jpg','Batido de Mora',0,1,'2025-10-16 17:02:49'),(79,79,'https://example.com/images/batido-de-melon.jpg','Batido de Melón',0,1,'2025-10-16 17:02:49'),(80,80,'https://example.com/images/batido-de-guayaba.jpg','Batido de Guayaba',0,1,'2025-10-16 17:02:49'),(81,81,'https://example.com/images/batido-de-pina.jpg','Batido de Piña',0,1,'2025-10-16 17:02:49'),(82,82,'https://example.com/images/batido-de-kiwi.jpg','Batido de Kiwi',0,1,'2025-10-16 17:02:49'),(83,83,'https://example.com/images/batido-de-manzana.jpg','Batido de Manzana',0,1,'2025-10-16 17:02:49'),(84,84,'https://example.com/images/batido-de-pera.jpg','Batido de Pera',0,1,'2025-10-16 17:02:49'),(85,85,'https://example.com/images/smoothie-de-lima.jpg','Smoothie de Lima',0,1,'2025-10-16 17:02:49'),(86,86,'https://example.com/images/smoothie-de-camu-camu.jpg','Smoothie de Camu Camu',0,1,'2025-10-16 17:02:49'),(87,87,'https://example.com/images/smoothie-de-fresa.jpg','Smoothie de Fresa',0,1,'2025-10-16 17:02:49'),(88,88,'https://example.com/images/smoothie-de-lulo.jpg','Smoothie de Lulo',0,1,'2025-10-16 17:02:49'),(89,89,'https://example.com/images/smoothie-de-banano.jpg','Smoothie de Banano',0,1,'2025-10-16 17:02:49'),(90,90,'https://example.com/images/smoothie-de-kiwi.jpg','Smoothie de Kiwi',0,1,'2025-10-16 17:02:49'),(91,91,'https://example.com/images/smoothie-de-pera.jpg','Smoothie de Pera',0,1,'2025-10-16 17:02:49'),(92,92,'https://example.com/images/smoothie-de-mango.jpg','Smoothie de Mango',0,1,'2025-10-16 17:02:49'),(93,93,'https://example.com/images/agua-saborizada-de-limon.jpg','Agua saborizada de Limón',0,1,'2025-10-16 17:02:49'),(94,94,'https://example.com/images/agua-saborizada-de-pepino-y-menta.jpg','Agua saborizada de Pepino y Menta',0,1,'2025-10-16 17:02:49'),(95,95,'https://example.com/images/agua-saborizada-de-fresa.jpg','Agua saborizada de Fresa',0,1,'2025-10-16 17:02:49'),(96,96,'https://example.com/images/agua-saborizada-de-maracuya.jpg','Agua saborizada de Maracuyá',0,1,'2025-10-16 17:02:49'),(97,97,'https://example.com/images/agua-saborizada-de-hierbabuena.jpg','Agua saborizada de Hierbabuena',0,1,'2025-10-16 17:02:49'),(98,98,'https://example.com/images/agua-saborizada-de-jengibre-y-limon.jpg','Agua saborizada de Jengibre y Limón',0,1,'2025-10-16 17:02:49'),(99,99,'https://example.com/images/agua-saborizada-de-melon.jpg','Agua saborizada de Melón',0,1,'2025-10-16 17:02:49'),(100,100,'https://example.com/images/agua-saborizada-de-pina.jpg','Agua saborizada de Piña',0,1,'2025-10-16 17:02:49'),(101,101,'https://example.com/images/te-verde-frio.jpg','Té verde frío',0,1,'2025-10-16 17:02:49'),(102,102,'https://example.com/images/te-de-manzanilla.jpg','Té de manzanilla',0,1,'2025-10-16 17:02:49'),(103,103,'https://example.com/images/te-de-limon.jpg','Té de limón',0,1,'2025-10-16 17:02:49'),(104,104,'https://example.com/images/infusion-de-jengibre.jpg','Infusión de jengibre',0,1,'2025-10-16 17:02:49'),(105,105,'https://example.com/images/te-de-hierbabuena.jpg','Té de hierbabuena',0,1,'2025-10-16 17:02:49'),(106,106,'https://example.com/images/cola.jpg','Cola',0,1,'2025-10-16 17:02:49'),(107,107,'https://example.com/images/naranja-gasificada.jpg','Naranja Gasificada',0,1,'2025-10-16 17:02:49'),(108,108,'https://example.com/images/limonada-gasificada.jpg','Limonada Gasificada',0,1,'2025-10-16 17:02:49'),(109,109,'https://example.com/images/ginger-ale.jpg','Ginger Ale',0,1,'2025-10-16 17:02:49'),(110,110,'https://example.com/images/bebida-energetica-xtreme.jpg','Bebida energética Xtreme',0,1,'2025-10-16 17:02:49'),(111,111,'https://example.com/images/bebida-energetica-powerup.jpg','Bebida energética PowerUp',0,1,'2025-10-16 17:02:49'),(112,112,'https://example.com/images/cafe-americano.jpg','Café Americano',0,1,'2025-10-16 17:02:49'),(113,113,'https://example.com/images/cafe-con-leche.jpg','Café con Leche',0,1,'2025-10-16 17:02:49'),(114,114,'https://example.com/images/frappe-de-vainilla.jpg','Frappé de vainilla',0,1,'2025-10-16 17:02:49'),(115,115,'https://example.com/images/frappe-de-chocolate.jpg','Frappé de chocolate',0,1,'2025-10-16 17:02:49');
/*!40000 ALTER TABLE `product_images` ENABLE KEYS */;
UNLOCK TABLES;

--
-- Table structure for table `products`
--

DROP TABLE IF EXISTS `products`;
/*!40101 SET @saved_cs_client     = @@character_set_client */;
/*!50503 SET character_set_client = utf8mb4 */;
CREATE TABLE `products` (
  `id` bigint NOT NULL AUTO_INCREMENT,
  `category_id` int DEFAULT NULL,
  `name` varchar(200) CHARACTER SET utf8mb4 COLLATE utf8mb4_unicode_ci NOT NULL,
  `slug` varchar(220) CHARACTER SET utf8mb4 COLLATE utf8mb4_unicode_ci NOT NULL,
  `description` text CHARACTER SET utf8mb4 COLLATE utf8mb4_unicode_ci,
  `price` decimal(12,2) NOT NULL,
  `stock` int NOT NULL DEFAULT '0',
  `active` tinyint(1) NOT NULL DEFAULT '1',
  `created_at` datetime NOT NULL DEFAULT CURRENT_TIMESTAMP,
  `updated_at` datetime NOT NULL DEFAULT CURRENT_TIMESTAMP ON UPDATE CURRENT_TIMESTAMP,
  PRIMARY KEY (`id`),
  UNIQUE KEY `slug` (`slug`),
  KEY `idx_products_category` (`category_id`),
  KEY `idx_products_active` (`active`),
  CONSTRAINT `fk_products_category` FOREIGN KEY (`category_id`) REFERENCES `categories` (`id`) ON DELETE SET NULL ON UPDATE CASCADE
) ENGINE=InnoDB AUTO_INCREMENT=116 DEFAULT CHARSET=utf8mb4 COLLATE=utf8mb4_unicode_ci;
/*!40101 SET character_set_client = @saved_cs_client */;

--
-- Dumping data for table `products`
--

LOCK TABLES `products` WRITE;
/*!40000 ALTER TABLE `products` DISABLE KEYS */;
INSERT INTO `products` VALUES (1,1,'Jugo de Naranja','jugo-de-naranja','Jugo de Naranja preparado con fruta fresca. Porción aprox. 500 ml.',8069.00,31,1,'2025-10-16 17:02:49','2025-10-16 17:02:49'),(2,1,'Jugo de Mango','jugo-de-mango','Jugo de Mango preparado con fruta fresca. Porción aprox. 500 ml.',8790.00,132,1,'2025-10-16 17:02:49','2025-10-16 17:02:49'),(3,1,'Jugo de Maracuyá','jugo-de-maracuya','Jugo de Maracuyá preparado con fruta fresca. Porción aprox. 500 ml.',4919.00,145,1,'2025-10-16 17:02:49','2025-10-16 17:02:49'),(4,1,'Jugo de Fresa','jugo-de-fresa','Jugo de Fresa preparado con fruta fresca. Porción aprox. 500 ml.',3503.00,105,1,'2025-10-16 17:02:49','2025-10-16 17:02:49'),(5,1,'Jugo de Banano','jugo-de-banano','Jugo de Banano preparado con fruta fresca. Porción aprox. 500 ml.',6577.00,69,1,'2025-10-16 17:02:49','2025-10-16 17:02:49'),(6,1,'Jugo de Papaya','jugo-de-papaya','Jugo de Papaya preparado con fruta fresca. Porción aprox. 500 ml.',4038.00,107,1,'2025-10-16 17:02:49','2025-10-16 17:02:49'),(7,1,'Jugo de Piña','jugo-de-pina','Jugo de Piña preparado con fruta fresca. Porción aprox. 500 ml.',6783.00,35,1,'2025-10-16 17:02:49','2025-10-16 17:02:49'),(8,1,'Jugo de Lulo','jugo-de-lulo','Jugo de Lulo preparado con fruta fresca. Porción aprox. 500 ml.',3855.00,40,1,'2025-10-16 17:02:49','2025-10-16 17:02:49'),(9,1,'Jugo de Guanábana','jugo-de-guanabana','Jugo de Guanábana preparado con fruta fresca. Porción aprox. 500 ml.',5233.00,106,1,'2025-10-16 17:02:49','2025-10-16 17:02:49'),(10,1,'Jugo de Mora','jugo-de-mora','Jugo de Mora preparado con fruta fresca. Porción aprox. 500 ml.',4313.00,115,1,'2025-10-16 17:02:49','2025-10-16 17:02:49'),(11,1,'Jugo de Lima','jugo-de-lima','Jugo de Lima preparado con fruta fresca. Porción aprox. 500 ml.',3903.00,17,1,'2025-10-16 17:02:49','2025-10-16 17:02:49'),(12,1,'Jugo de Cereza','jugo-de-cereza','Jugo de Cereza preparado con fruta fresca. Porción aprox. 500 ml.',8036.00,140,1,'2025-10-16 17:02:49','2025-10-16 17:02:49'),(13,1,'Jugo de Manzana','jugo-de-manzana','Jugo de Manzana preparado con fruta fresca. Porción aprox. 500 ml.',4047.00,59,1,'2025-10-16 17:02:49','2025-10-16 17:02:49'),(14,1,'Jugo de Pera','jugo-de-pera','Jugo de Pera preparado con fruta fresca. Porción aprox. 500 ml.',5051.00,16,1,'2025-10-16 17:02:49','2025-10-16 17:02:49'),(15,1,'Jugo de Melón','jugo-de-melon','Jugo de Melón preparado con fruta fresca. Porción aprox. 500 ml.',5367.00,111,1,'2025-10-16 17:02:49','2025-10-16 17:02:49'),(16,1,'Jugo de Kiwi','jugo-de-kiwi','Jugo de Kiwi preparado con fruta fresca. Porción aprox. 500 ml.',7270.00,100,1,'2025-10-16 17:02:49','2025-10-16 17:02:49'),(17,1,'Jugo de Guayaba','jugo-de-guayaba','Jugo de Guayaba preparado con fruta fresca. Porción aprox. 500 ml.',7757.00,17,1,'2025-10-16 17:02:49','2025-10-16 17:02:49'),(18,1,'Jugo de Coco','jugo-de-coco','Jugo de Coco preparado con fruta fresca. Porción aprox. 500 ml.',8379.00,38,1,'2025-10-16 17:02:49','2025-10-16 17:02:49'),(19,1,'Jugo de Aguacate','jugo-de-aguacate','Jugo de Aguacate preparado con fruta fresca. Porción aprox. 500 ml.',7973.00,60,1,'2025-10-16 17:02:49','2025-10-16 17:02:49'),(20,1,'Jugo de Camu Camu','jugo-de-camu-camu','Jugo de Camu Camu preparado con fruta fresca. Porción aprox. 500 ml.',5205.00,41,1,'2025-10-16 17:02:49','2025-10-16 17:02:49'),(21,1,'Jugo de Naranja y Mango','jugo-de-naranja-y-mango','Jugo de Naranja y Mango preparado con fruta fresca. Porción aprox. 500 ml.',5494.00,18,1,'2025-10-16 17:02:49','2025-10-16 17:02:49'),(22,1,'Jugo de Naranja y Maracuyá','jugo-de-naranja-y-maracuya','Jugo de Naranja y Maracuyá preparado con fruta fresca. Porción aprox. 500 ml.',4450.00,44,1,'2025-10-16 17:02:49','2025-10-16 17:02:49'),(23,1,'Jugo de Naranja y Fresa','jugo-de-naranja-y-fresa','Jugo de Naranja y Fresa preparado con fruta fresca. Porción aprox. 500 ml.',8027.00,104,1,'2025-10-16 17:02:49','2025-10-16 17:02:49'),(24,1,'Jugo de Mango y Maracuyá','jugo-de-mango-y-maracuya','Jugo de Mango y Maracuyá preparado con fruta fresca. Porción aprox. 500 ml.',4209.00,127,1,'2025-10-16 17:02:49','2025-10-16 17:02:49'),(25,1,'Jugo de Mango y Fresa','jugo-de-mango-y-fresa','Jugo de Mango y Fresa preparado con fruta fresca. Porción aprox. 500 ml.',5775.00,123,1,'2025-10-16 17:02:49','2025-10-16 17:02:49'),(26,1,'Jugo de Mango y Banano','jugo-de-mango-y-banano','Jugo de Mango y Banano preparado con fruta fresca. Porción aprox. 500 ml.',8229.00,55,1,'2025-10-16 17:02:49','2025-10-16 17:02:49'),(27,1,'Jugo de Maracuyá y Fresa','jugo-de-maracuya-y-fresa','Jugo de Maracuyá y Fresa preparado con fruta fresca. Porción aprox. 500 ml.',6155.00,145,1,'2025-10-16 17:02:49','2025-10-16 17:02:49'),(28,1,'Jugo de Maracuyá y Banano','jugo-de-maracuya-y-banano','Jugo de Maracuyá y Banano preparado con fruta fresca. Porción aprox. 500 ml.',7159.00,146,1,'2025-10-16 17:02:49','2025-10-16 17:02:49'),(29,1,'Jugo de Maracuyá y Papaya','jugo-de-maracuya-y-papaya','Jugo de Maracuyá y Papaya preparado con fruta fresca. Porción aprox. 500 ml.',7239.00,112,1,'2025-10-16 17:02:49','2025-10-16 17:02:49'),(30,1,'Jugo de Fresa y Banano','jugo-de-fresa-y-banano','Jugo de Fresa y Banano preparado con fruta fresca. Porción aprox. 500 ml.',4092.00,120,1,'2025-10-16 17:02:49','2025-10-16 17:02:49'),(31,1,'Jugo de Fresa y Papaya','jugo-de-fresa-y-papaya','Jugo de Fresa y Papaya preparado con fruta fresca. Porción aprox. 500 ml.',8864.00,17,1,'2025-10-16 17:02:49','2025-10-16 17:02:49'),(32,1,'Jugo de Fresa y Piña','jugo-de-fresa-y-pina','Jugo de Fresa y Piña preparado con fruta fresca. Porción aprox. 500 ml.',6213.00,72,1,'2025-10-16 17:02:49','2025-10-16 17:02:49'),(33,1,'Jugo de Banano y Papaya','jugo-de-banano-y-papaya','Jugo de Banano y Papaya preparado con fruta fresca. Porción aprox. 500 ml.',6320.00,68,1,'2025-10-16 17:02:49','2025-10-16 17:02:49'),(34,1,'Jugo de Banano y Piña','jugo-de-banano-y-pina','Jugo de Banano y Piña preparado con fruta fresca. Porción aprox. 500 ml.',7956.00,145,1,'2025-10-16 17:02:49','2025-10-16 17:02:49'),(35,1,'Jugo de Banano y Lulo','jugo-de-banano-y-lulo','Jugo de Banano y Lulo preparado con fruta fresca. Porción aprox. 500 ml.',8412.00,89,1,'2025-10-16 17:02:49','2025-10-16 17:02:49'),(36,1,'Jugo de Papaya y Piña','jugo-de-papaya-y-pina','Jugo de Papaya y Piña preparado con fruta fresca. Porción aprox. 500 ml.',4818.00,81,1,'2025-10-16 17:02:49','2025-10-16 17:02:49'),(37,1,'Jugo de Papaya y Lulo','jugo-de-papaya-y-lulo','Jugo de Papaya y Lulo preparado con fruta fresca. Porción aprox. 500 ml.',6213.00,85,1,'2025-10-16 17:02:49','2025-10-16 17:02:49'),(38,1,'Jugo de Papaya y Guanábana','jugo-de-papaya-y-guanabana','Jugo de Papaya y Guanábana preparado con fruta fresca. Porción aprox. 500 ml.',6457.00,29,1,'2025-10-16 17:02:49','2025-10-16 17:02:49'),(39,1,'Jugo de Piña y Lulo','jugo-de-pina-y-lulo','Jugo de Piña y Lulo preparado con fruta fresca. Porción aprox. 500 ml.',8069.00,47,1,'2025-10-16 17:02:49','2025-10-16 17:02:49'),(40,1,'Jugo de Piña y Guanábana','jugo-de-pina-y-guanabana','Jugo de Piña y Guanábana preparado con fruta fresca. Porción aprox. 500 ml.',8960.00,80,1,'2025-10-16 17:02:49','2025-10-16 17:02:49'),(41,1,'Jugo de Piña y Mora','jugo-de-pina-y-mora','Jugo de Piña y Mora preparado con fruta fresca. Porción aprox. 500 ml.',7969.00,80,1,'2025-10-16 17:02:49','2025-10-16 17:02:49'),(42,1,'Jugo de Lulo y Guanábana','jugo-de-lulo-y-guanabana','Jugo de Lulo y Guanábana preparado con fruta fresca. Porción aprox. 500 ml.',8120.00,47,1,'2025-10-16 17:02:49','2025-10-16 17:02:49'),(43,1,'Jugo de Lulo y Mora','jugo-de-lulo-y-mora','Jugo de Lulo y Mora preparado con fruta fresca. Porción aprox. 500 ml.',3502.00,99,1,'2025-10-16 17:02:49','2025-10-16 17:02:49'),(44,1,'Jugo de Lulo y Lima','jugo-de-lulo-y-lima','Jugo de Lulo y Lima preparado con fruta fresca. Porción aprox. 500 ml.',8611.00,150,1,'2025-10-16 17:02:49','2025-10-16 17:02:49'),(45,1,'Jugo de Guanábana y Mora','jugo-de-guanabana-y-mora','Jugo de Guanábana y Mora preparado con fruta fresca. Porción aprox. 500 ml.',8325.00,148,1,'2025-10-16 17:02:49','2025-10-16 17:02:49'),(46,1,'Jugo de Guanábana y Lima','jugo-de-guanabana-y-lima','Jugo de Guanábana y Lima preparado con fruta fresca. Porción aprox. 500 ml.',8039.00,49,1,'2025-10-16 17:02:49','2025-10-16 17:02:49'),(47,1,'Jugo de Guanábana y Cereza','jugo-de-guanabana-y-cereza','Jugo de Guanábana y Cereza preparado con fruta fresca. Porción aprox. 500 ml.',7614.00,108,1,'2025-10-16 17:02:49','2025-10-16 17:02:49'),(48,1,'Jugo de Mora y Lima','jugo-de-mora-y-lima','Jugo de Mora y Lima preparado con fruta fresca. Porción aprox. 500 ml.',6312.00,141,1,'2025-10-16 17:02:49','2025-10-16 17:02:49'),(49,1,'Jugo de Mora y Cereza','jugo-de-mora-y-cereza','Jugo de Mora y Cereza preparado con fruta fresca. Porción aprox. 500 ml.',5518.00,88,1,'2025-10-16 17:02:49','2025-10-16 17:02:49'),(50,1,'Jugo de Mora y Manzana','jugo-de-mora-y-manzana','Jugo de Mora y Manzana preparado con fruta fresca. Porción aprox. 500 ml.',8317.00,16,1,'2025-10-16 17:02:49','2025-10-16 17:02:49'),(51,1,'Jugo de Lima y Cereza','jugo-de-lima-y-cereza','Jugo de Lima y Cereza preparado con fruta fresca. Porción aprox. 500 ml.',7638.00,114,1,'2025-10-16 17:02:49','2025-10-16 17:02:49'),(52,1,'Jugo de Lima y Manzana','jugo-de-lima-y-manzana','Jugo de Lima y Manzana preparado con fruta fresca. Porción aprox. 500 ml.',3771.00,62,1,'2025-10-16 17:02:49','2025-10-16 17:02:49'),(53,1,'Jugo de Lima y Pera','jugo-de-lima-y-pera','Jugo de Lima y Pera preparado con fruta fresca. Porción aprox. 500 ml.',5195.00,62,1,'2025-10-16 17:02:49','2025-10-16 17:02:49'),(54,1,'Jugo de Cereza y Manzana','jugo-de-cereza-y-manzana','Jugo de Cereza y Manzana preparado con fruta fresca. Porción aprox. 500 ml.',5248.00,46,1,'2025-10-16 17:02:49','2025-10-16 17:02:49'),(55,1,'Jugo de Cereza y Pera','jugo-de-cereza-y-pera','Jugo de Cereza y Pera preparado con fruta fresca. Porción aprox. 500 ml.',8677.00,123,1,'2025-10-16 17:02:49','2025-10-16 17:02:49'),(56,1,'Jugo de Cereza y Melón','jugo-de-cereza-y-melon','Jugo de Cereza y Melón preparado con fruta fresca. Porción aprox. 500 ml.',8192.00,48,1,'2025-10-16 17:02:49','2025-10-16 17:02:49'),(57,1,'Jugo de Manzana y Pera','jugo-de-manzana-y-pera','Jugo de Manzana y Pera preparado con fruta fresca. Porción aprox. 500 ml.',5617.00,140,1,'2025-10-16 17:02:49','2025-10-16 17:02:49'),(58,1,'Jugo de Manzana y Melón','jugo-de-manzana-y-melon','Jugo de Manzana y Melón preparado con fruta fresca. Porción aprox. 500 ml.',3593.00,34,1,'2025-10-16 17:02:49','2025-10-16 17:02:49'),(59,1,'Jugo de Manzana y Kiwi','jugo-de-manzana-y-kiwi','Jugo de Manzana y Kiwi preparado con fruta fresca. Porción aprox. 500 ml.',8269.00,121,1,'2025-10-16 17:02:49','2025-10-16 17:02:49'),(60,1,'Jugo de Pera y Melón','jugo-de-pera-y-melon','Jugo de Pera y Melón preparado con fruta fresca. Porción aprox. 500 ml.',5100.00,46,1,'2025-10-16 17:02:49','2025-10-16 17:02:49'),(61,1,'Jugo de Pera y Kiwi','jugo-de-pera-y-kiwi','Jugo de Pera y Kiwi preparado con fruta fresca. Porción aprox. 500 ml.',4911.00,71,1,'2025-10-16 17:02:49','2025-10-16 17:02:49'),(62,1,'Jugo de Pera y Guayaba','jugo-de-pera-y-guayaba','Jugo de Pera y Guayaba preparado con fruta fresca. Porción aprox. 500 ml.',6081.00,76,1,'2025-10-16 17:02:49','2025-10-16 17:02:49'),(63,1,'Jugo de Melón y Kiwi','jugo-de-melon-y-kiwi','Jugo de Melón y Kiwi preparado con fruta fresca. Porción aprox. 500 ml.',4618.00,91,1,'2025-10-16 17:02:49','2025-10-16 17:02:49'),(64,1,'Jugo de Melón y Guayaba','jugo-de-melon-y-guayaba','Jugo de Melón y Guayaba preparado con fruta fresca. Porción aprox. 500 ml.',6476.00,48,1,'2025-10-16 17:02:49','2025-10-16 17:02:49'),(65,1,'Jugo de Melón y Coco','jugo-de-melon-y-coco','Jugo de Melón y Coco preparado con fruta fresca. Porción aprox. 500 ml.',6733.00,68,1,'2025-10-16 17:02:49','2025-10-16 17:02:49'),(66,1,'Jugo de Kiwi y Guayaba','jugo-de-kiwi-y-guayaba','Jugo de Kiwi y Guayaba preparado con fruta fresca. Porción aprox. 500 ml.',8454.00,125,1,'2025-10-16 17:02:49','2025-10-16 17:02:49'),(67,1,'Jugo de Kiwi y Coco','jugo-de-kiwi-y-coco','Jugo de Kiwi y Coco preparado con fruta fresca. Porción aprox. 500 ml.',5010.00,29,1,'2025-10-16 17:02:49','2025-10-16 17:02:49'),(68,1,'Jugo de Kiwi y Aguacate','jugo-de-kiwi-y-aguacate','Jugo de Kiwi y Aguacate preparado con fruta fresca. Porción aprox. 500 ml.',7677.00,49,1,'2025-10-16 17:02:49','2025-10-16 17:02:49'),(69,1,'Jugo de Guayaba y Coco','jugo-de-guayaba-y-coco','Jugo de Guayaba y Coco preparado con fruta fresca. Porción aprox. 500 ml.',5470.00,117,1,'2025-10-16 17:02:49','2025-10-16 17:02:49'),(70,1,'Jugo de Guayaba y Aguacate','jugo-de-guayaba-y-aguacate','Jugo de Guayaba y Aguacate preparado con fruta fresca. Porción aprox. 500 ml.',6083.00,68,1,'2025-10-16 17:02:49','2025-10-16 17:02:49'),(71,1,'Jugo de Guayaba y Camu Camu','jugo-de-guayaba-y-camu-camu','Jugo de Guayaba y Camu Camu preparado con fruta fresca. Porción aprox. 500 ml.',3581.00,100,1,'2025-10-16 17:02:49','2025-10-16 17:02:49'),(72,1,'Jugo de Coco y Aguacate','jugo-de-coco-y-aguacate','Jugo de Coco y Aguacate preparado con fruta fresca. Porción aprox. 500 ml.',7730.00,101,1,'2025-10-16 17:02:49','2025-10-16 17:02:49'),(73,1,'Jugo de Coco y Camu Camu','jugo-de-coco-y-camu-camu','Jugo de Coco y Camu Camu preparado con fruta fresca. Porción aprox. 500 ml.',6525.00,142,1,'2025-10-16 17:02:49','2025-10-16 17:02:49'),(74,1,'Jugo de Aguacate y Camu Camu','jugo-de-aguacate-y-camu-camu','Jugo de Aguacate y Camu Camu preparado con fruta fresca. Porción aprox. 500 ml.',7395.00,93,1,'2025-10-16 17:02:49','2025-10-16 17:02:49'),(75,2,'Batido de Guanábana','batido-de-guanabana','Batido de Guanábana preparado con leche y fruta.',6737.00,64,1,'2025-10-16 17:02:49','2025-10-16 17:02:49'),(76,2,'Batido de Maracuyá','batido-de-maracuya','Batido de Maracuyá preparado con leche y fruta.',5209.00,131,1,'2025-10-16 17:02:49','2025-10-16 17:02:49'),(77,2,'Batido de Banano','batido-de-banano','Batido de Banano preparado con leche y fruta.',9336.00,51,1,'2025-10-16 17:02:49','2025-10-16 17:02:49'),(78,2,'Batido de Mora','batido-de-mora','Batido de Mora preparado con leche y fruta.',9724.00,136,1,'2025-10-16 17:02:49','2025-10-16 17:02:49'),(79,2,'Batido de Melón','batido-de-melon','Batido de Melón preparado con leche y fruta.',9132.00,23,1,'2025-10-16 17:02:49','2025-10-16 17:02:49'),(80,2,'Batido de Guayaba','batido-de-guayaba','Batido de Guayaba preparado con leche y fruta.',4833.00,51,1,'2025-10-16 17:02:49','2025-10-16 17:02:49'),(81,2,'Batido de Piña','batido-de-pina','Batido de Piña preparado con leche y fruta.',6150.00,94,1,'2025-10-16 17:02:49','2025-10-16 17:02:49'),(82,2,'Batido de Kiwi','batido-de-kiwi','Batido de Kiwi preparado con leche y fruta.',9031.00,20,1,'2025-10-16 17:02:49','2025-10-16 17:02:49'),(83,2,'Batido de Manzana','batido-de-manzana','Batido de Manzana preparado con leche y fruta.',4059.00,154,1,'2025-10-16 17:02:49','2025-10-16 17:02:49'),(84,2,'Batido de Pera','batido-de-pera','Batido de Pera preparado con leche y fruta.',4995.00,180,1,'2025-10-16 17:02:49','2025-10-16 17:02:49'),(85,3,'Smoothie de Lima','smoothie-de-lima','Smoothie de Lima cremoso y natural.',9346.00,157,1,'2025-10-16 17:02:49','2025-10-16 17:02:49'),(86,3,'Smoothie de Camu Camu','smoothie-de-camu-camu','Smoothie de Camu Camu cremoso y natural.',7255.00,198,1,'2025-10-16 17:02:49','2025-10-16 17:02:49'),(87,3,'Smoothie de Fresa','smoothie-de-fresa','Smoothie de Fresa cremoso y natural.',6935.00,62,1,'2025-10-16 17:02:49','2025-10-16 17:02:49'),(88,3,'Smoothie de Lulo','smoothie-de-lulo','Smoothie de Lulo cremoso y natural.',10057.00,72,1,'2025-10-16 17:02:49','2025-10-16 17:02:49'),(89,3,'Smoothie de Banano','smoothie-de-banano','Smoothie de Banano cremoso y natural.',9475.00,73,1,'2025-10-16 17:02:49','2025-10-16 17:02:49'),(90,3,'Smoothie de Kiwi','smoothie-de-kiwi','Smoothie de Kiwi cremoso y natural.',6078.00,168,1,'2025-10-16 17:02:49','2025-10-16 17:02:49'),(91,3,'Smoothie de Pera','smoothie-de-pera','Smoothie de Pera cremoso y natural.',4945.00,172,1,'2025-10-16 17:02:49','2025-10-16 17:02:49'),(92,3,'Smoothie de Mango','smoothie-de-mango','Smoothie de Mango cremoso y natural.',7768.00,147,1,'2025-10-16 17:02:49','2025-10-16 17:02:49'),(93,4,'Agua saborizada de Limón','agua-saborizada-de-limon','Agua saborizada de Limón refrescante.',4894.00,115,1,'2025-10-16 17:02:49','2025-10-16 17:02:49'),(94,4,'Agua saborizada de Pepino y Menta','agua-saborizada-de-pepino-y-menta','Agua saborizada de Pepino y Menta refrescante.',5428.00,77,1,'2025-10-16 17:02:49','2025-10-16 17:02:49'),(95,4,'Agua saborizada de Fresa','agua-saborizada-de-fresa','Agua saborizada de Fresa refrescante.',4800.00,73,1,'2025-10-16 17:02:49','2025-10-16 17:02:49'),(96,4,'Agua saborizada de Maracuyá','agua-saborizada-de-maracuya','Agua saborizada de Maracuyá refrescante.',5229.00,86,1,'2025-10-16 17:02:49','2025-10-16 17:02:49'),(97,4,'Agua saborizada de Hierbabuena','agua-saborizada-de-hierbabuena','Agua saborizada de Hierbabuena refrescante.',3311.00,75,1,'2025-10-16 17:02:49','2025-10-16 17:02:49'),(98,4,'Agua saborizada de Jengibre y Limón','agua-saborizada-de-jengibre-y-limon','Agua saborizada de Jengibre y Limón refrescante.',4379.00,165,1,'2025-10-16 17:02:49','2025-10-16 17:02:49'),(99,4,'Agua saborizada de Melón','agua-saborizada-de-melon','Agua saborizada de Melón refrescante.',5114.00,173,1,'2025-10-16 17:02:49','2025-10-16 17:02:49'),(100,4,'Agua saborizada de Piña','agua-saborizada-de-pina','Agua saborizada de Piña refrescante.',2723.00,96,1,'2025-10-16 17:02:49','2025-10-16 17:02:49'),(101,5,'Té verde frío','te-verde-frio','Té verde frío listo para tomar.',2095.00,198,1,'2025-10-16 17:02:49','2025-10-16 17:02:49'),(102,5,'Té de manzanilla','te-de-manzanilla','Té de manzanilla listo para tomar.',4176.00,194,1,'2025-10-16 17:02:49','2025-10-16 17:02:49'),(103,5,'Té de limón','te-de-limon','Té de limón listo para tomar.',5362.00,186,1,'2025-10-16 17:02:49','2025-10-16 17:02:49'),(104,5,'Infusión de jengibre','infusion-de-jengibre','Infusión de jengibre listo para tomar.',4391.00,124,1,'2025-10-16 17:02:49','2025-10-16 17:02:49'),(105,5,'Té de hierbabuena','te-de-hierbabuena','Té de hierbabuena listo para tomar.',4265.00,43,1,'2025-10-16 17:02:49','2025-10-16 17:02:49'),(106,6,'Cola','cola','Cola refrescante.',7659.00,30,1,'2025-10-16 17:02:49','2025-10-16 17:02:49'),(107,6,'Naranja Gasificada','naranja-gasificada','Naranja Gasificada refrescante.',7896.00,105,1,'2025-10-16 17:02:49','2025-10-16 17:02:49'),(108,6,'Limonada Gasificada','limonada-gasificada','Limonada Gasificada refrescante.',5775.00,94,1,'2025-10-16 17:02:49','2025-10-16 17:02:49'),(109,6,'Ginger Ale','ginger-ale','Ginger Ale refrescante.',5921.00,17,1,'2025-10-16 17:02:49','2025-10-16 17:02:49'),(110,7,'Bebida energética Xtreme','bebida-energetica-xtreme','Bebida energética Xtreme bebida energética.',5727.00,78,1,'2025-10-16 17:02:49','2025-10-16 17:02:49'),(111,7,'Bebida energética PowerUp','bebida-energetica-powerup','Bebida energética PowerUp bebida energética.',5723.00,30,1,'2025-10-16 17:02:49','2025-10-16 17:02:49'),(112,8,'Café Americano','cafe-americano','Café Americano preparado al momento.',7799.00,114,1,'2025-10-16 17:02:49','2025-10-16 17:02:49'),(113,8,'Café con Leche','cafe-con-leche','Café con Leche preparado al momento.',7527.00,144,1,'2025-10-16 17:02:49','2025-10-16 17:02:49'),(114,8,'Frappé de vainilla','frappe-de-vainilla','Frappé de vainilla preparado al momento.',6530.00,28,1,'2025-10-16 17:02:49','2025-10-16 17:02:49'),(115,8,'Frappé de chocolate','frappe-de-chocolate','Frappé de chocolate preparado al momento.',5575.00,34,1,'2025-10-16 17:02:49','2025-10-16 17:02:49');
/*!40000 ALTER TABLE `products` ENABLE KEYS */;
UNLOCK TABLES;

--
-- Table structure for table `reviews`
--

DROP TABLE IF EXISTS `reviews`;
/*!40101 SET @saved_cs_client     = @@character_set_client */;
/*!50503 SET character_set_client = utf8mb4 */;
CREATE TABLE `reviews` (
  `id` bigint NOT NULL AUTO_INCREMENT,
  `product_id` bigint NOT NULL,
  `user_id` bigint DEFAULT NULL,
  `rating` tinyint NOT NULL,
  `title` varchar(200) CHARACTER SET utf8mb4 COLLATE utf8mb4_unicode_ci DEFAULT NULL,
  `body` text CHARACTER SET utf8mb4 COLLATE utf8mb4_unicode_ci,
  `status_id` int NOT NULL,
  `created_at` datetime NOT NULL DEFAULT CURRENT_TIMESTAMP,
  PRIMARY KEY (`id`),
  KEY `idx_reviews_product` (`product_id`),
  KEY `idx_reviews_user` (`user_id`),
  KEY `idx_reviews_status` (`status_id`),
  CONSTRAINT `fk_reviews_product` FOREIGN KEY (`product_id`) REFERENCES `products` (`id`) ON DELETE CASCADE ON UPDATE CASCADE,
  CONSTRAINT `fk_reviews_status` FOREIGN KEY (`status_id`) REFERENCES `statuses` (`id`) ON DELETE RESTRICT ON UPDATE CASCADE,
  CONSTRAINT `fk_reviews_user` FOREIGN KEY (`user_id`) REFERENCES `users` (`id`) ON DELETE SET NULL ON UPDATE CASCADE
) ENGINE=InnoDB AUTO_INCREMENT=301 DEFAULT CHARSET=utf8mb4 COLLATE=utf8mb4_unicode_ci;
/*!40101 SET character_set_client = @saved_cs_client */;

--
-- Dumping data for table `reviews`
--

LOCK TABLES `reviews` WRITE;
/*!40000 ALTER TABLE `reviews` DISABLE KEYS */;
INSERT INTO `reviews` VALUES (1,48,144,5,'Reseña sobre Jugo de Mora y Lima','Me gustó el sabor. Puntuación 5.',13,'2025-10-16 17:02:54'),(2,67,NULL,1,'Reseña sobre Jugo de Kiwi y Coco','Me gustó el sabor. Puntuación 1.',14,'2025-10-16 17:02:54'),(3,46,202,1,'Reseña sobre Jugo de Guanábana y Lima','Me gustó el sabor. Puntuación 1.',13,'2025-10-16 17:02:54'),(4,17,259,4,'Reseña sobre Jugo de Guayaba','Me gustó el sabor. Puntuación 4.',14,'2025-10-16 17:02:54'),(5,105,61,4,'Reseña sobre Té de hierbabuena','Me gustó el sabor. Puntuación 4.',14,'2025-10-16 17:02:54'),(6,35,288,1,'Reseña sobre Jugo de Banano y Lulo','Me gustó el sabor. Puntuación 1.',14,'2025-10-16 17:02:54'),(7,88,49,2,'Reseña sobre Smoothie de Lulo','Me gustó el sabor. Puntuación 2.',14,'2025-10-16 17:02:54'),(8,112,16,2,'Reseña sobre Café Americano','Me gustó el sabor. Puntuación 2.',14,'2025-10-16 17:02:54'),(9,40,198,4,'Reseña sobre Jugo de Piña y Guanábana','Me gustó el sabor. Puntuación 4.',13,'2025-10-16 17:02:54'),(10,60,54,4,'Reseña sobre Jugo de Pera y Melón','Me gustó el sabor. Puntuación 4.',13,'2025-10-16 17:02:54'),(11,80,136,5,'Reseña sobre Batido de Guayaba','Me gustó el sabor. Puntuación 5.',14,'2025-10-16 17:02:54'),(12,79,296,4,'Reseña sobre Batido de Melón','Me gustó el sabor. Puntuación 4.',14,'2025-10-16 17:02:54'),(13,49,213,5,'Reseña sobre Jugo de Mora y Cereza','Me gustó el sabor. Puntuación 5.',13,'2025-10-16 17:02:54'),(14,42,200,1,'Reseña sobre Jugo de Lulo y Guanábana','Me gustó el sabor. Puntuación 1.',14,'2025-10-16 17:02:54'),(15,81,38,2,'Reseña sobre Batido de Piña','Me gustó el sabor. Puntuación 2.',14,'2025-10-16 17:02:54'),(16,21,128,5,'Reseña sobre Jugo de Naranja y Mango','Me gustó el sabor. Puntuación 5.',14,'2025-10-16 17:02:54'),(17,26,79,3,'Reseña sobre Jugo de Mango y Banano','Me gustó el sabor. Puntuación 3.',14,'2025-10-16 17:02:54'),(18,54,79,1,'Reseña sobre Jugo de Cereza y Manzana','Me gustó el sabor. Puntuación 1.',13,'2025-10-16 17:02:54'),(19,57,250,5,'Reseña sobre Jugo de Manzana y Pera','Me gustó el sabor. Puntuación 5.',13,'2025-10-16 17:02:54'),(20,109,88,5,'Reseña sobre Ginger Ale','Me gustó el sabor. Puntuación 5.',13,'2025-10-16 17:02:54'),(21,7,256,4,'Reseña sobre Jugo de Piña','Me gustó el sabor. Puntuación 4.',13,'2025-10-16 17:02:54'),(22,114,28,4,'Reseña sobre Frappé de vainilla','Me gustó el sabor. Puntuación 4.',14,'2025-10-16 17:02:54'),(23,36,25,3,'Reseña sobre Jugo de Papaya y Piña','Me gustó el sabor. Puntuación 3.',14,'2025-10-16 17:02:54'),(24,32,4,1,'Reseña sobre Jugo de Fresa y Piña','Me gustó el sabor. Puntuación 1.',13,'2025-10-16 17:02:54'),(25,97,28,2,'Reseña sobre Agua saborizada de Hierbabuena','Me gustó el sabor. Puntuación 2.',14,'2025-10-16 17:02:54'),(26,107,246,2,'Reseña sobre Naranja Gasificada','Me gustó el sabor. Puntuación 2.',14,'2025-10-16 17:02:54'),(27,78,189,5,'Reseña sobre Batido de Mora','Me gustó el sabor. Puntuación 5.',14,'2025-10-16 17:02:54'),(28,99,242,2,'Reseña sobre Agua saborizada de Melón','Me gustó el sabor. Puntuación 2.',14,'2025-10-16 17:02:54'),(29,39,NULL,3,'Reseña sobre Jugo de Piña y Lulo','Me gustó el sabor. Puntuación 3.',14,'2025-10-16 17:02:54'),(30,97,292,1,'Reseña sobre Agua saborizada de Hierbabuena','Me gustó el sabor. Puntuación 1.',14,'2025-10-16 17:02:54'),(31,11,58,3,'Reseña sobre Jugo de Lima','Me gustó el sabor. Puntuación 3.',13,'2025-10-16 17:02:54'),(32,27,167,3,'Reseña sobre Jugo de Maracuyá y Fresa','Me gustó el sabor. Puntuación 3.',14,'2025-10-16 17:02:54'),(33,22,100,1,'Reseña sobre Jugo de Naranja y Maracuyá','Me gustó el sabor. Puntuación 1.',14,'2025-10-16 17:02:54'),(34,16,5,1,'Reseña sobre Jugo de Kiwi','Me gustó el sabor. Puntuación 1.',14,'2025-10-16 17:02:54'),(35,38,221,3,'Reseña sobre Jugo de Papaya y Guanábana','Me gustó el sabor. Puntuación 3.',14,'2025-10-16 17:02:54'),(36,19,288,2,'Reseña sobre Jugo de Aguacate','Me gustó el sabor. Puntuación 2.',13,'2025-10-16 17:02:54'),(37,24,145,3,'Reseña sobre Jugo de Mango y Maracuyá','Me gustó el sabor. Puntuación 3.',13,'2025-10-16 17:02:54'),(38,16,172,2,'Reseña sobre Jugo de Kiwi','Me gustó el sabor. Puntuación 2.',13,'2025-10-16 17:02:54'),(39,75,NULL,4,'Reseña sobre Batido de Guanábana','Me gustó el sabor. Puntuación 4.',14,'2025-10-16 17:02:54'),(40,109,299,3,'Reseña sobre Ginger Ale','Me gustó el sabor. Puntuación 3.',13,'2025-10-16 17:02:54'),(41,101,156,4,'Reseña sobre Té verde frío','Me gustó el sabor. Puntuación 4.',13,'2025-10-16 17:02:54'),(42,53,268,3,'Reseña sobre Jugo de Lima y Pera','Me gustó el sabor. Puntuación 3.',13,'2025-10-16 17:02:54'),(43,69,225,2,'Reseña sobre Jugo de Guayaba y Coco','Me gustó el sabor. Puntuación 2.',14,'2025-10-16 17:02:54'),(44,31,86,5,'Reseña sobre Jugo de Fresa y Papaya','Me gustó el sabor. Puntuación 5.',14,'2025-10-16 17:02:54'),(45,40,229,5,'Reseña sobre Jugo de Piña y Guanábana','Me gustó el sabor. Puntuación 5.',14,'2025-10-16 17:02:54'),(46,84,15,4,'Reseña sobre Batido de Pera','Me gustó el sabor. Puntuación 4.',14,'2025-10-16 17:02:54'),(47,45,200,3,'Reseña sobre Jugo de Guanábana y Mora','Me gustó el sabor. Puntuación 3.',14,'2025-10-16 17:02:54'),(48,6,113,4,'Reseña sobre Jugo de Papaya','Me gustó el sabor. Puntuación 4.',14,'2025-10-16 17:02:54'),(49,64,260,2,'Reseña sobre Jugo de Melón y Guayaba','Me gustó el sabor. Puntuación 2.',13,'2025-10-16 17:02:54'),(50,106,157,2,'Reseña sobre Cola','Me gustó el sabor. Puntuación 2.',13,'2025-10-16 17:02:54'),(51,14,284,5,'Reseña sobre Jugo de Pera','Me gustó el sabor. Puntuación 5.',14,'2025-10-16 17:02:54'),(52,108,145,5,'Reseña sobre Limonada Gasificada','Me gustó el sabor. Puntuación 5.',14,'2025-10-16 17:02:54'),(53,54,126,3,'Reseña sobre Jugo de Cereza y Manzana','Me gustó el sabor. Puntuación 3.',14,'2025-10-16 17:02:54'),(54,90,124,3,'Reseña sobre Smoothie de Kiwi','Me gustó el sabor. Puntuación 3.',13,'2025-10-16 17:02:54'),(55,2,136,5,'Reseña sobre Jugo de Mango','Me gustó el sabor. Puntuación 5.',14,'2025-10-16 17:02:54'),(56,60,90,5,'Reseña sobre Jugo de Pera y Melón','Me gustó el sabor. Puntuación 5.',13,'2025-10-16 17:02:54'),(57,65,245,2,'Reseña sobre Jugo de Melón y Coco','Me gustó el sabor. Puntuación 2.',14,'2025-10-16 17:02:54'),(58,87,246,3,'Reseña sobre Smoothie de Fresa','Me gustó el sabor. Puntuación 3.',14,'2025-10-16 17:02:54'),(59,11,131,1,'Reseña sobre Jugo de Lima','Me gustó el sabor. Puntuación 1.',13,'2025-10-16 17:02:54'),(60,94,105,4,'Reseña sobre Agua saborizada de Pepino y Menta','Me gustó el sabor. Puntuación 4.',14,'2025-10-16 17:02:54'),(61,67,NULL,1,'Reseña sobre Jugo de Kiwi y Coco','Me gustó el sabor. Puntuación 1.',13,'2025-10-16 17:02:54'),(62,10,228,3,'Reseña sobre Jugo de Mora','Me gustó el sabor. Puntuación 3.',14,'2025-10-16 17:02:54'),(63,54,247,1,'Reseña sobre Jugo de Cereza y Manzana','Me gustó el sabor. Puntuación 1.',13,'2025-10-16 17:02:54'),(64,4,11,1,'Reseña sobre Jugo de Fresa','Me gustó el sabor. Puntuación 1.',14,'2025-10-16 17:02:54'),(65,102,283,2,'Reseña sobre Té de manzanilla','Me gustó el sabor. Puntuación 2.',14,'2025-10-16 17:02:54'),(66,97,238,3,'Reseña sobre Agua saborizada de Hierbabuena','Me gustó el sabor. Puntuación 3.',14,'2025-10-16 17:02:54'),(67,109,154,2,'Reseña sobre Ginger Ale','Me gustó el sabor. Puntuación 2.',13,'2025-10-16 17:02:54'),(68,2,207,3,'Reseña sobre Jugo de Mango','Me gustó el sabor. Puntuación 3.',13,'2025-10-16 17:02:54'),(69,55,54,4,'Reseña sobre Jugo de Cereza y Pera','Me gustó el sabor. Puntuación 4.',14,'2025-10-16 17:02:54'),(70,104,114,3,'Reseña sobre Infusión de jengibre','Me gustó el sabor. Puntuación 3.',14,'2025-10-16 17:02:54'),(71,27,140,1,'Reseña sobre Jugo de Maracuyá y Fresa','Me gustó el sabor. Puntuación 1.',13,'2025-10-16 17:02:54'),(72,29,253,4,'Reseña sobre Jugo de Maracuyá y Papaya','Me gustó el sabor. Puntuación 4.',14,'2025-10-16 17:02:54'),(73,1,295,4,'Reseña sobre Jugo de Naranja','Me gustó el sabor. Puntuación 4.',14,'2025-10-16 17:02:54'),(74,11,NULL,4,'Reseña sobre Jugo de Lima','Me gustó el sabor. Puntuación 4.',14,'2025-10-16 17:02:54'),(75,89,65,3,'Reseña sobre Smoothie de Banano','Me gustó el sabor. Puntuación 3.',13,'2025-10-16 17:02:54'),(76,96,NULL,4,'Reseña sobre Agua saborizada de Maracuyá','Me gustó el sabor. Puntuación 4.',13,'2025-10-16 17:02:54'),(77,80,162,1,'Reseña sobre Batido de Guayaba','Me gustó el sabor. Puntuación 1.',13,'2025-10-16 17:02:54'),(78,86,139,4,'Reseña sobre Smoothie de Camu Camu','Me gustó el sabor. Puntuación 4.',14,'2025-10-16 17:02:54'),(79,38,162,1,'Reseña sobre Jugo de Papaya y Guanábana','Me gustó el sabor. Puntuación 1.',13,'2025-10-16 17:02:54'),(80,57,104,5,'Reseña sobre Jugo de Manzana y Pera','Me gustó el sabor. Puntuación 5.',13,'2025-10-16 17:02:54'),(81,38,20,3,'Reseña sobre Jugo de Papaya y Guanábana','Me gustó el sabor. Puntuación 3.',14,'2025-10-16 17:02:54'),(82,93,81,1,'Reseña sobre Agua saborizada de Limón','Me gustó el sabor. Puntuación 1.',14,'2025-10-16 17:02:54'),(83,15,48,4,'Reseña sobre Jugo de Melón','Me gustó el sabor. Puntuación 4.',13,'2025-10-16 17:02:54'),(84,54,271,5,'Reseña sobre Jugo de Cereza y Manzana','Me gustó el sabor. Puntuación 5.',14,'2025-10-16 17:02:54'),(85,76,261,5,'Reseña sobre Batido de Maracuyá','Me gustó el sabor. Puntuación 5.',13,'2025-10-16 17:02:54'),(86,99,235,2,'Reseña sobre Agua saborizada de Melón','Me gustó el sabor. Puntuación 2.',14,'2025-10-16 17:02:54'),(87,49,89,3,'Reseña sobre Jugo de Mora y Cereza','Me gustó el sabor. Puntuación 3.',14,'2025-10-16 17:02:54'),(88,71,232,1,'Reseña sobre Jugo de Guayaba y Camu Camu','Me gustó el sabor. Puntuación 1.',14,'2025-10-16 17:02:54'),(89,60,25,5,'Reseña sobre Jugo de Pera y Melón','Me gustó el sabor. Puntuación 5.',13,'2025-10-16 17:02:54'),(90,78,57,2,'Reseña sobre Batido de Mora','Me gustó el sabor. Puntuación 2.',13,'2025-10-16 17:02:54'),(91,4,NULL,2,'Reseña sobre Jugo de Fresa','Me gustó el sabor. Puntuación 2.',14,'2025-10-16 17:02:54'),(92,61,102,5,'Reseña sobre Jugo de Pera y Kiwi','Me gustó el sabor. Puntuación 5.',14,'2025-10-16 17:02:54'),(93,46,NULL,3,'Reseña sobre Jugo de Guanábana y Lima','Me gustó el sabor. Puntuación 3.',14,'2025-10-16 17:02:54'),(94,79,2,5,'Reseña sobre Batido de Melón','Me gustó el sabor. Puntuación 5.',13,'2025-10-16 17:02:54'),(95,68,37,3,'Reseña sobre Jugo de Kiwi y Aguacate','Me gustó el sabor. Puntuación 3.',14,'2025-10-16 17:02:54'),(96,21,51,4,'Reseña sobre Jugo de Naranja y Mango','Me gustó el sabor. Puntuación 4.',13,'2025-10-16 17:02:54'),(97,73,19,5,'Reseña sobre Jugo de Coco y Camu Camu','Me gustó el sabor. Puntuación 5.',14,'2025-10-16 17:02:54'),(98,25,56,1,'Reseña sobre Jugo de Mango y Fresa','Me gustó el sabor. Puntuación 1.',13,'2025-10-16 17:02:54'),(99,65,192,1,'Reseña sobre Jugo de Melón y Coco','Me gustó el sabor. Puntuación 1.',14,'2025-10-16 17:02:54'),(100,32,87,3,'Reseña sobre Jugo de Fresa y Piña','Me gustó el sabor. Puntuación 3.',14,'2025-10-16 17:02:54'),(101,2,NULL,2,'Reseña sobre Jugo de Mango','Me gustó el sabor. Puntuación 2.',13,'2025-10-16 17:02:54'),(102,55,21,3,'Reseña sobre Jugo de Cereza y Pera','Me gustó el sabor. Puntuación 3.',14,'2025-10-16 17:02:54'),(103,15,288,5,'Reseña sobre Jugo de Melón','Me gustó el sabor. Puntuación 5.',14,'2025-10-16 17:02:54'),(104,93,215,5,'Reseña sobre Agua saborizada de Limón','Me gustó el sabor. Puntuación 5.',13,'2025-10-16 17:02:54'),(105,101,273,1,'Reseña sobre Té verde frío','Me gustó el sabor. Puntuación 1.',14,'2025-10-16 17:02:54'),(106,41,272,3,'Reseña sobre Jugo de Piña y Mora','Me gustó el sabor. Puntuación 3.',13,'2025-10-16 17:02:54'),(107,86,121,1,'Reseña sobre Smoothie de Camu Camu','Me gustó el sabor. Puntuación 1.',14,'2025-10-16 17:02:54'),(108,101,NULL,5,'Reseña sobre Té verde frío','Me gustó el sabor. Puntuación 5.',14,'2025-10-16 17:02:54'),(109,62,235,2,'Reseña sobre Jugo de Pera y Guayaba','Me gustó el sabor. Puntuación 2.',13,'2025-10-16 17:02:54'),(110,30,89,2,'Reseña sobre Jugo de Fresa y Banano','Me gustó el sabor. Puntuación 2.',14,'2025-10-16 17:02:54'),(111,40,299,4,'Reseña sobre Jugo de Piña y Guanábana','Me gustó el sabor. Puntuación 4.',14,'2025-10-16 17:02:54'),(112,79,223,1,'Reseña sobre Batido de Melón','Me gustó el sabor. Puntuación 1.',13,'2025-10-16 17:02:54'),(113,27,190,3,'Reseña sobre Jugo de Maracuyá y Fresa','Me gustó el sabor. Puntuación 3.',14,'2025-10-16 17:02:54'),(114,62,79,4,'Reseña sobre Jugo de Pera y Guayaba','Me gustó el sabor. Puntuación 4.',14,'2025-10-16 17:02:54'),(115,71,124,1,'Reseña sobre Jugo de Guayaba y Camu Camu','Me gustó el sabor. Puntuación 1.',14,'2025-10-16 17:02:54'),(116,97,46,3,'Reseña sobre Agua saborizada de Hierbabuena','Me gustó el sabor. Puntuación 3.',14,'2025-10-16 17:02:54'),(117,15,232,4,'Reseña sobre Jugo de Melón','Me gustó el sabor. Puntuación 4.',13,'2025-10-16 17:02:54'),(118,7,142,4,'Reseña sobre Jugo de Piña','Me gustó el sabor. Puntuación 4.',13,'2025-10-16 17:02:54'),(119,67,36,2,'Reseña sobre Jugo de Kiwi y Coco','Me gustó el sabor. Puntuación 2.',14,'2025-10-16 17:02:54'),(120,51,NULL,3,'Reseña sobre Jugo de Lima y Cereza','Me gustó el sabor. Puntuación 3.',14,'2025-10-16 17:02:54'),(121,10,183,1,'Reseña sobre Jugo de Mora','Me gustó el sabor. Puntuación 1.',14,'2025-10-16 17:02:54'),(122,115,NULL,5,'Reseña sobre Frappé de chocolate','Me gustó el sabor. Puntuación 5.',13,'2025-10-16 17:02:54'),(123,24,296,2,'Reseña sobre Jugo de Mango y Maracuyá','Me gustó el sabor. Puntuación 2.',13,'2025-10-16 17:02:54'),(124,72,47,5,'Reseña sobre Jugo de Coco y Aguacate','Me gustó el sabor. Puntuación 5.',13,'2025-10-16 17:02:54'),(125,49,66,3,'Reseña sobre Jugo de Mora y Cereza','Me gustó el sabor. Puntuación 3.',14,'2025-10-16 17:02:54'),(126,26,182,3,'Reseña sobre Jugo de Mango y Banano','Me gustó el sabor. Puntuación 3.',13,'2025-10-16 17:02:54'),(127,106,44,5,'Reseña sobre Cola','Me gustó el sabor. Puntuación 5.',14,'2025-10-16 17:02:54'),(128,59,106,1,'Reseña sobre Jugo de Manzana y Kiwi','Me gustó el sabor. Puntuación 1.',14,'2025-10-16 17:02:54'),(129,72,NULL,4,'Reseña sobre Jugo de Coco y Aguacate','Me gustó el sabor. Puntuación 4.',14,'2025-10-16 17:02:54'),(130,49,65,4,'Reseña sobre Jugo de Mora y Cereza','Me gustó el sabor. Puntuación 4.',14,'2025-10-16 17:02:54'),(131,100,18,5,'Reseña sobre Agua saborizada de Piña','Me gustó el sabor. Puntuación 5.',13,'2025-10-16 17:02:54'),(132,60,187,2,'Reseña sobre Jugo de Pera y Melón','Me gustó el sabor. Puntuación 2.',14,'2025-10-16 17:02:54'),(133,60,NULL,3,'Reseña sobre Jugo de Pera y Melón','Me gustó el sabor. Puntuación 3.',13,'2025-10-16 17:02:54'),(134,107,95,1,'Reseña sobre Naranja Gasificada','Me gustó el sabor. Puntuación 1.',14,'2025-10-16 17:02:54'),(135,98,93,5,'Reseña sobre Agua saborizada de Jengibre y Limón','Me gustó el sabor. Puntuación 5.',14,'2025-10-16 17:02:54'),(136,69,170,2,'Reseña sobre Jugo de Guayaba y Coco','Me gustó el sabor. Puntuación 2.',14,'2025-10-16 17:02:54'),(137,73,253,3,'Reseña sobre Jugo de Coco y Camu Camu','Me gustó el sabor. Puntuación 3.',14,'2025-10-16 17:02:54'),(138,76,207,2,'Reseña sobre Batido de Maracuyá','Me gustó el sabor. Puntuación 2.',14,'2025-10-16 17:02:54'),(139,24,165,5,'Reseña sobre Jugo de Mango y Maracuyá','Me gustó el sabor. Puntuación 5.',14,'2025-10-16 17:02:54'),(140,67,153,1,'Reseña sobre Jugo de Kiwi y Coco','Me gustó el sabor. Puntuación 1.',13,'2025-10-16 17:02:54'),(141,29,50,4,'Reseña sobre Jugo de Maracuyá y Papaya','Me gustó el sabor. Puntuación 4.',13,'2025-10-16 17:02:54'),(142,70,122,2,'Reseña sobre Jugo de Guayaba y Aguacate','Me gustó el sabor. Puntuación 2.',14,'2025-10-16 17:02:54'),(143,90,NULL,2,'Reseña sobre Smoothie de Kiwi','Me gustó el sabor. Puntuación 2.',14,'2025-10-16 17:02:54'),(144,97,141,2,'Reseña sobre Agua saborizada de Hierbabuena','Me gustó el sabor. Puntuación 2.',13,'2025-10-16 17:02:54'),(145,23,208,5,'Reseña sobre Jugo de Naranja y Fresa','Me gustó el sabor. Puntuación 5.',13,'2025-10-16 17:02:54'),(146,54,10,5,'Reseña sobre Jugo de Cereza y Manzana','Me gustó el sabor. Puntuación 5.',13,'2025-10-16 17:02:54'),(147,45,258,5,'Reseña sobre Jugo de Guanábana y Mora','Me gustó el sabor. Puntuación 5.',13,'2025-10-16 17:02:54'),(148,91,18,3,'Reseña sobre Smoothie de Pera','Me gustó el sabor. Puntuación 3.',14,'2025-10-16 17:02:54'),(149,71,123,1,'Reseña sobre Jugo de Guayaba y Camu Camu','Me gustó el sabor. Puntuación 1.',14,'2025-10-16 17:02:54'),(150,60,203,3,'Reseña sobre Jugo de Pera y Melón','Me gustó el sabor. Puntuación 3.',14,'2025-10-16 17:02:54'),(151,43,99,5,'Reseña sobre Jugo de Lulo y Mora','Me gustó el sabor. Puntuación 5.',13,'2025-10-16 17:02:54'),(152,26,196,5,'Reseña sobre Jugo de Mango y Banano','Me gustó el sabor. Puntuación 5.',14,'2025-10-16 17:02:54'),(153,7,120,2,'Reseña sobre Jugo de Piña','Me gustó el sabor. Puntuación 2.',13,'2025-10-16 17:02:54'),(154,75,207,5,'Reseña sobre Batido de Guanábana','Me gustó el sabor. Puntuación 5.',13,'2025-10-16 17:02:54'),(155,70,252,1,'Reseña sobre Jugo de Guayaba y Aguacate','Me gustó el sabor. Puntuación 1.',14,'2025-10-16 17:02:54'),(156,81,140,3,'Reseña sobre Batido de Piña','Me gustó el sabor. Puntuación 3.',13,'2025-10-16 17:02:54'),(157,64,231,5,'Reseña sobre Jugo de Melón y Guayaba','Me gustó el sabor. Puntuación 5.',14,'2025-10-16 17:02:54'),(158,61,125,5,'Reseña sobre Jugo de Pera y Kiwi','Me gustó el sabor. Puntuación 5.',14,'2025-10-16 17:02:54'),(159,64,239,4,'Reseña sobre Jugo de Melón y Guayaba','Me gustó el sabor. Puntuación 4.',14,'2025-10-16 17:02:54'),(160,2,256,2,'Reseña sobre Jugo de Mango','Me gustó el sabor. Puntuación 2.',14,'2025-10-16 17:02:54'),(161,60,187,2,'Reseña sobre Jugo de Pera y Melón','Me gustó el sabor. Puntuación 2.',14,'2025-10-16 17:02:54'),(162,88,NULL,4,'Reseña sobre Smoothie de Lulo','Me gustó el sabor. Puntuación 4.',14,'2025-10-16 17:02:54'),(163,33,163,2,'Reseña sobre Jugo de Banano y Papaya','Me gustó el sabor. Puntuación 2.',13,'2025-10-16 17:02:54'),(164,72,297,2,'Reseña sobre Jugo de Coco y Aguacate','Me gustó el sabor. Puntuación 2.',13,'2025-10-16 17:02:54'),(165,54,291,3,'Reseña sobre Jugo de Cereza y Manzana','Me gustó el sabor. Puntuación 3.',13,'2025-10-16 17:02:54'),(166,92,47,2,'Reseña sobre Smoothie de Mango','Me gustó el sabor. Puntuación 2.',14,'2025-10-16 17:02:54'),(167,5,212,2,'Reseña sobre Jugo de Banano','Me gustó el sabor. Puntuación 2.',13,'2025-10-16 17:02:54'),(168,9,200,5,'Reseña sobre Jugo de Guanábana','Me gustó el sabor. Puntuación 5.',14,'2025-10-16 17:02:54'),(169,23,98,2,'Reseña sobre Jugo de Naranja y Fresa','Me gustó el sabor. Puntuación 2.',14,'2025-10-16 17:02:54'),(170,67,159,2,'Reseña sobre Jugo de Kiwi y Coco','Me gustó el sabor. Puntuación 2.',14,'2025-10-16 17:02:54'),(171,88,16,5,'Reseña sobre Smoothie de Lulo','Me gustó el sabor. Puntuación 5.',14,'2025-10-16 17:02:54'),(172,82,105,5,'Reseña sobre Batido de Kiwi','Me gustó el sabor. Puntuación 5.',14,'2025-10-16 17:02:54'),(173,114,159,4,'Reseña sobre Frappé de vainilla','Me gustó el sabor. Puntuación 4.',14,'2025-10-16 17:02:54'),(174,26,NULL,4,'Reseña sobre Jugo de Mango y Banano','Me gustó el sabor. Puntuación 4.',13,'2025-10-16 17:02:54'),(175,113,127,4,'Reseña sobre Café con Leche','Me gustó el sabor. Puntuación 4.',13,'2025-10-16 17:02:54'),(176,49,184,2,'Reseña sobre Jugo de Mora y Cereza','Me gustó el sabor. Puntuación 2.',14,'2025-10-16 17:02:54'),(177,9,82,2,'Reseña sobre Jugo de Guanábana','Me gustó el sabor. Puntuación 2.',14,'2025-10-16 17:02:54'),(178,112,NULL,3,'Reseña sobre Café Americano','Me gustó el sabor. Puntuación 3.',13,'2025-10-16 17:02:54'),(179,106,107,2,'Reseña sobre Cola','Me gustó el sabor. Puntuación 2.',13,'2025-10-16 17:02:54'),(180,8,255,2,'Reseña sobre Jugo de Lulo','Me gustó el sabor. Puntuación 2.',13,'2025-10-16 17:02:54'),(181,12,290,1,'Reseña sobre Jugo de Cereza','Me gustó el sabor. Puntuación 1.',13,'2025-10-16 17:02:54'),(182,114,142,5,'Reseña sobre Frappé de vainilla','Me gustó el sabor. Puntuación 5.',14,'2025-10-16 17:02:54'),(183,80,300,1,'Reseña sobre Batido de Guayaba','Me gustó el sabor. Puntuación 1.',13,'2025-10-16 17:02:54'),(184,77,NULL,3,'Reseña sobre Batido de Banano','Me gustó el sabor. Puntuación 3.',14,'2025-10-16 17:02:54'),(185,95,191,1,'Reseña sobre Agua saborizada de Fresa','Me gustó el sabor. Puntuación 1.',14,'2025-10-16 17:02:54'),(186,46,21,3,'Reseña sobre Jugo de Guanábana y Lima','Me gustó el sabor. Puntuación 3.',14,'2025-10-16 17:02:54'),(187,113,258,2,'Reseña sobre Café con Leche','Me gustó el sabor. Puntuación 2.',14,'2025-10-16 17:02:54'),(188,61,287,2,'Reseña sobre Jugo de Pera y Kiwi','Me gustó el sabor. Puntuación 2.',14,'2025-10-16 17:02:54'),(189,49,35,4,'Reseña sobre Jugo de Mora y Cereza','Me gustó el sabor. Puntuación 4.',13,'2025-10-16 17:02:54'),(190,82,78,1,'Reseña sobre Batido de Kiwi','Me gustó el sabor. Puntuación 1.',13,'2025-10-16 17:02:54'),(191,49,281,1,'Reseña sobre Jugo de Mora y Cereza','Me gustó el sabor. Puntuación 1.',14,'2025-10-16 17:02:54'),(192,76,41,4,'Reseña sobre Batido de Maracuyá','Me gustó el sabor. Puntuación 4.',14,'2025-10-16 17:02:54'),(193,40,266,2,'Reseña sobre Jugo de Piña y Guanábana','Me gustó el sabor. Puntuación 2.',14,'2025-10-16 17:02:54'),(194,41,122,2,'Reseña sobre Jugo de Piña y Mora','Me gustó el sabor. Puntuación 2.',14,'2025-10-16 17:02:54'),(195,9,77,4,'Reseña sobre Jugo de Guanábana','Me gustó el sabor. Puntuación 4.',13,'2025-10-16 17:02:54'),(196,29,71,2,'Reseña sobre Jugo de Maracuyá y Papaya','Me gustó el sabor. Puntuación 2.',13,'2025-10-16 17:02:54'),(197,63,31,4,'Reseña sobre Jugo de Melón y Kiwi','Me gustó el sabor. Puntuación 4.',13,'2025-10-16 17:02:54'),(198,77,86,5,'Reseña sobre Batido de Banano','Me gustó el sabor. Puntuación 5.',13,'2025-10-16 17:02:54'),(199,90,260,3,'Reseña sobre Smoothie de Kiwi','Me gustó el sabor. Puntuación 3.',13,'2025-10-16 17:02:54'),(200,99,113,1,'Reseña sobre Agua saborizada de Melón','Me gustó el sabor. Puntuación 1.',14,'2025-10-16 17:02:54'),(201,27,150,2,'Reseña sobre Jugo de Maracuyá y Fresa','Me gustó el sabor. Puntuación 2.',14,'2025-10-16 17:02:54'),(202,31,NULL,2,'Reseña sobre Jugo de Fresa y Papaya','Me gustó el sabor. Puntuación 2.',13,'2025-10-16 17:02:54'),(203,23,253,5,'Reseña sobre Jugo de Naranja y Fresa','Me gustó el sabor. Puntuación 5.',14,'2025-10-16 17:02:54'),(204,49,138,1,'Reseña sobre Jugo de Mora y Cereza','Me gustó el sabor. Puntuación 1.',14,'2025-10-16 17:02:54'),(205,65,211,5,'Reseña sobre Jugo de Melón y Coco','Me gustó el sabor. Puntuación 5.',14,'2025-10-16 17:02:54'),(206,1,54,1,'Reseña sobre Jugo de Naranja','Me gustó el sabor. Puntuación 1.',13,'2025-10-16 17:02:54'),(207,5,261,2,'Reseña sobre Jugo de Banano','Me gustó el sabor. Puntuación 2.',13,'2025-10-16 17:02:54'),(208,115,40,3,'Reseña sobre Frappé de chocolate','Me gustó el sabor. Puntuación 3.',13,'2025-10-16 17:02:54'),(209,93,117,5,'Reseña sobre Agua saborizada de Limón','Me gustó el sabor. Puntuación 5.',13,'2025-10-16 17:02:54'),(210,108,268,3,'Reseña sobre Limonada Gasificada','Me gustó el sabor. Puntuación 3.',14,'2025-10-16 17:02:54'),(211,115,NULL,3,'Reseña sobre Frappé de chocolate','Me gustó el sabor. Puntuación 3.',14,'2025-10-16 17:02:54'),(212,79,160,1,'Reseña sobre Batido de Melón','Me gustó el sabor. Puntuación 1.',14,'2025-10-16 17:02:54'),(213,62,62,1,'Reseña sobre Jugo de Pera y Guayaba','Me gustó el sabor. Puntuación 1.',13,'2025-10-16 17:02:54'),(214,38,108,1,'Reseña sobre Jugo de Papaya y Guanábana','Me gustó el sabor. Puntuación 1.',14,'2025-10-16 17:02:54'),(215,57,159,1,'Reseña sobre Jugo de Manzana y Pera','Me gustó el sabor. Puntuación 1.',14,'2025-10-16 17:02:54'),(216,111,241,3,'Reseña sobre Bebida energética PowerUp','Me gustó el sabor. Puntuación 3.',14,'2025-10-16 17:02:54'),(217,92,300,4,'Reseña sobre Smoothie de Mango','Me gustó el sabor. Puntuación 4.',14,'2025-10-16 17:02:54'),(218,40,55,4,'Reseña sobre Jugo de Piña y Guanábana','Me gustó el sabor. Puntuación 4.',14,'2025-10-16 17:02:54'),(219,38,170,4,'Reseña sobre Jugo de Papaya y Guanábana','Me gustó el sabor. Puntuación 4.',14,'2025-10-16 17:02:54'),(220,92,NULL,2,'Reseña sobre Smoothie de Mango','Me gustó el sabor. Puntuación 2.',13,'2025-10-16 17:02:54'),(221,52,NULL,1,'Reseña sobre Jugo de Lima y Manzana','Me gustó el sabor. Puntuación 1.',13,'2025-10-16 17:02:54'),(222,80,54,2,'Reseña sobre Batido de Guayaba','Me gustó el sabor. Puntuación 2.',13,'2025-10-16 17:02:54'),(223,109,NULL,4,'Reseña sobre Ginger Ale','Me gustó el sabor. Puntuación 4.',14,'2025-10-16 17:02:54'),(224,87,180,1,'Reseña sobre Smoothie de Fresa','Me gustó el sabor. Puntuación 1.',14,'2025-10-16 17:02:54'),(225,34,53,3,'Reseña sobre Jugo de Banano y Piña','Me gustó el sabor. Puntuación 3.',14,'2025-10-16 17:02:54'),(226,7,84,5,'Reseña sobre Jugo de Piña','Me gustó el sabor. Puntuación 5.',13,'2025-10-16 17:02:54'),(227,41,125,1,'Reseña sobre Jugo de Piña y Mora','Me gustó el sabor. Puntuación 1.',14,'2025-10-16 17:02:54'),(228,101,179,3,'Reseña sobre Té verde frío','Me gustó el sabor. Puntuación 3.',14,'2025-10-16 17:02:54'),(229,14,135,3,'Reseña sobre Jugo de Pera','Me gustó el sabor. Puntuación 3.',14,'2025-10-16 17:02:54'),(230,7,188,3,'Reseña sobre Jugo de Piña','Me gustó el sabor. Puntuación 3.',14,'2025-10-16 17:02:54'),(231,37,98,3,'Reseña sobre Jugo de Papaya y Lulo','Me gustó el sabor. Puntuación 3.',14,'2025-10-16 17:02:54'),(232,16,229,5,'Reseña sobre Jugo de Kiwi','Me gustó el sabor. Puntuación 5.',14,'2025-10-16 17:02:54'),(233,109,60,1,'Reseña sobre Ginger Ale','Me gustó el sabor. Puntuación 1.',13,'2025-10-16 17:02:54'),(234,33,199,1,'Reseña sobre Jugo de Banano y Papaya','Me gustó el sabor. Puntuación 1.',14,'2025-10-16 17:02:54'),(235,61,26,5,'Reseña sobre Jugo de Pera y Kiwi','Me gustó el sabor. Puntuación 5.',13,'2025-10-16 17:02:54'),(236,91,58,2,'Reseña sobre Smoothie de Pera','Me gustó el sabor. Puntuación 2.',14,'2025-10-16 17:02:54'),(237,21,71,2,'Reseña sobre Jugo de Naranja y Mango','Me gustó el sabor. Puntuación 2.',14,'2025-10-16 17:02:54'),(238,80,230,5,'Reseña sobre Batido de Guayaba','Me gustó el sabor. Puntuación 5.',14,'2025-10-16 17:02:54'),(239,39,NULL,4,'Reseña sobre Jugo de Piña y Lulo','Me gustó el sabor. Puntuación 4.',13,'2025-10-16 17:02:54'),(240,83,92,1,'Reseña sobre Batido de Manzana','Me gustó el sabor. Puntuación 1.',14,'2025-10-16 17:02:54'),(241,79,210,2,'Reseña sobre Batido de Melón','Me gustó el sabor. Puntuación 2.',13,'2025-10-16 17:02:54'),(242,6,220,4,'Reseña sobre Jugo de Papaya','Me gustó el sabor. Puntuación 4.',14,'2025-10-16 17:02:54'),(243,69,89,2,'Reseña sobre Jugo de Guayaba y Coco','Me gustó el sabor. Puntuación 2.',14,'2025-10-16 17:02:54'),(244,21,177,1,'Reseña sobre Jugo de Naranja y Mango','Me gustó el sabor. Puntuación 1.',14,'2025-10-16 17:02:54'),(245,10,NULL,4,'Reseña sobre Jugo de Mora','Me gustó el sabor. Puntuación 4.',13,'2025-10-16 17:02:54'),(246,20,NULL,1,'Reseña sobre Jugo de Camu Camu','Me gustó el sabor. Puntuación 1.',14,'2025-10-16 17:02:54'),(247,103,237,1,'Reseña sobre Té de limón','Me gustó el sabor. Puntuación 1.',13,'2025-10-16 17:02:54'),(248,89,135,5,'Reseña sobre Smoothie de Banano','Me gustó el sabor. Puntuación 5.',14,'2025-10-16 17:02:54'),(249,94,155,2,'Reseña sobre Agua saborizada de Pepino y Menta','Me gustó el sabor. Puntuación 2.',14,'2025-10-16 17:02:54'),(250,2,26,4,'Reseña sobre Jugo de Mango','Me gustó el sabor. Puntuación 4.',14,'2025-10-16 17:02:54'),(251,50,72,3,'Reseña sobre Jugo de Mora y Manzana','Me gustó el sabor. Puntuación 3.',14,'2025-10-16 17:02:54'),(252,74,NULL,4,'Reseña sobre Jugo de Aguacate y Camu Camu','Me gustó el sabor. Puntuación 4.',14,'2025-10-16 17:02:54'),(253,79,2,2,'Reseña sobre Batido de Melón','Me gustó el sabor. Puntuación 2.',13,'2025-10-16 17:02:54'),(254,5,20,2,'Reseña sobre Jugo de Banano','Me gustó el sabor. Puntuación 2.',14,'2025-10-16 17:02:54'),(255,91,171,3,'Reseña sobre Smoothie de Pera','Me gustó el sabor. Puntuación 3.',14,'2025-10-16 17:02:54'),(256,85,152,2,'Reseña sobre Smoothie de Lima','Me gustó el sabor. Puntuación 2.',14,'2025-10-16 17:02:54'),(257,7,269,1,'Reseña sobre Jugo de Piña','Me gustó el sabor. Puntuación 1.',14,'2025-10-16 17:02:54'),(258,83,94,4,'Reseña sobre Batido de Manzana','Me gustó el sabor. Puntuación 4.',14,'2025-10-16 17:02:54'),(259,90,253,1,'Reseña sobre Smoothie de Kiwi','Me gustó el sabor. Puntuación 1.',14,'2025-10-16 17:02:54'),(260,51,212,2,'Reseña sobre Jugo de Lima y Cereza','Me gustó el sabor. Puntuación 2.',13,'2025-10-16 17:02:54'),(261,76,221,3,'Reseña sobre Batido de Maracuyá','Me gustó el sabor. Puntuación 3.',13,'2025-10-16 17:02:54'),(262,22,266,2,'Reseña sobre Jugo de Naranja y Maracuyá','Me gustó el sabor. Puntuación 2.',14,'2025-10-16 17:02:54'),(263,86,115,5,'Reseña sobre Smoothie de Camu Camu','Me gustó el sabor. Puntuación 5.',13,'2025-10-16 17:02:54'),(264,42,107,4,'Reseña sobre Jugo de Lulo y Guanábana','Me gustó el sabor. Puntuación 4.',13,'2025-10-16 17:02:54'),(265,80,186,2,'Reseña sobre Batido de Guayaba','Me gustó el sabor. Puntuación 2.',13,'2025-10-16 17:02:54'),(266,19,159,2,'Reseña sobre Jugo de Aguacate','Me gustó el sabor. Puntuación 2.',13,'2025-10-16 17:02:54'),(267,47,256,4,'Reseña sobre Jugo de Guanábana y Cereza','Me gustó el sabor. Puntuación 4.',14,'2025-10-16 17:02:54'),(268,19,281,5,'Reseña sobre Jugo de Aguacate','Me gustó el sabor. Puntuación 5.',13,'2025-10-16 17:02:54'),(269,43,213,4,'Reseña sobre Jugo de Lulo y Mora','Me gustó el sabor. Puntuación 4.',14,'2025-10-16 17:02:55'),(270,11,158,3,'Reseña sobre Jugo de Lima','Me gustó el sabor. Puntuación 3.',14,'2025-10-16 17:02:55'),(271,97,127,5,'Reseña sobre Agua saborizada de Hierbabuena','Me gustó el sabor. Puntuación 5.',14,'2025-10-16 17:02:55'),(272,26,195,1,'Reseña sobre Jugo de Mango y Banano','Me gustó el sabor. Puntuación 1.',13,'2025-10-16 17:02:55'),(273,1,294,1,'Reseña sobre Jugo de Naranja','Me gustó el sabor. Puntuación 1.',14,'2025-10-16 17:02:55'),(274,36,240,3,'Reseña sobre Jugo de Papaya y Piña','Me gustó el sabor. Puntuación 3.',13,'2025-10-16 17:02:55'),(275,71,140,1,'Reseña sobre Jugo de Guayaba y Camu Camu','Me gustó el sabor. Puntuación 1.',13,'2025-10-16 17:02:55'),(276,115,277,1,'Reseña sobre Frappé de chocolate','Me gustó el sabor. Puntuación 1.',14,'2025-10-16 17:02:55'),(277,16,211,5,'Reseña sobre Jugo de Kiwi','Me gustó el sabor. Puntuación 5.',14,'2025-10-16 17:02:55'),(278,27,29,4,'Reseña sobre Jugo de Maracuyá y Fresa','Me gustó el sabor. Puntuación 4.',13,'2025-10-16 17:02:55'),(279,78,58,2,'Reseña sobre Batido de Mora','Me gustó el sabor. Puntuación 2.',14,'2025-10-16 17:02:55'),(280,99,50,3,'Reseña sobre Agua saborizada de Melón','Me gustó el sabor. Puntuación 3.',13,'2025-10-16 17:02:55'),(281,88,200,5,'Reseña sobre Smoothie de Lulo','Me gustó el sabor. Puntuación 5.',14,'2025-10-16 17:02:55'),(282,26,NULL,3,'Reseña sobre Jugo de Mango y Banano','Me gustó el sabor. Puntuación 3.',14,'2025-10-16 17:02:55'),(283,44,51,1,'Reseña sobre Jugo de Lulo y Lima','Me gustó el sabor. Puntuación 1.',13,'2025-10-16 17:02:55'),(284,99,50,3,'Reseña sobre Agua saborizada de Melón','Me gustó el sabor. Puntuación 3.',14,'2025-10-16 17:02:55'),(285,101,NULL,1,'Reseña sobre Té verde frío','Me gustó el sabor. Puntuación 1.',13,'2025-10-16 17:02:55'),(286,82,92,5,'Reseña sobre Batido de Kiwi','Me gustó el sabor. Puntuación 5.',14,'2025-10-16 17:02:55'),(287,14,21,3,'Reseña sobre Jugo de Pera','Me gustó el sabor. Puntuación 3.',13,'2025-10-16 17:02:55'),(288,99,70,2,'Reseña sobre Agua saborizada de Melón','Me gustó el sabor. Puntuación 2.',14,'2025-10-16 17:02:55'),(289,110,139,5,'Reseña sobre Bebida energética Xtreme','Me gustó el sabor. Puntuación 5.',14,'2025-10-16 17:02:55'),(290,112,48,2,'Reseña sobre Café Americano','Me gustó el sabor. Puntuación 2.',14,'2025-10-16 17:02:55'),(291,48,212,5,'Reseña sobre Jugo de Mora y Lima','Me gustó el sabor. Puntuación 5.',13,'2025-10-16 17:02:55'),(292,39,213,4,'Reseña sobre Jugo de Piña y Lulo','Me gustó el sabor. Puntuación 4.',14,'2025-10-16 17:02:55'),(293,90,238,1,'Reseña sobre Smoothie de Kiwi','Me gustó el sabor. Puntuación 1.',14,'2025-10-16 17:02:55'),(294,68,85,4,'Reseña sobre Jugo de Kiwi y Aguacate','Me gustó el sabor. Puntuación 4.',13,'2025-10-16 17:02:55'),(295,112,246,4,'Reseña sobre Café Americano','Me gustó el sabor. Puntuación 4.',14,'2025-10-16 17:02:55'),(296,102,53,2,'Reseña sobre Té de manzanilla','Me gustó el sabor. Puntuación 2.',14,'2025-10-16 17:02:55'),(297,106,26,4,'Reseña sobre Cola','Me gustó el sabor. Puntuación 4.',14,'2025-10-16 17:02:55'),(298,14,270,5,'Reseña sobre Jugo de Pera','Me gustó el sabor. Puntuación 5.',13,'2025-10-16 17:02:55'),(299,105,86,4,'Reseña sobre Té de hierbabuena','Me gustó el sabor. Puntuación 4.',13,'2025-10-16 17:02:55'),(300,65,96,4,'Reseña sobre Jugo de Melón y Coco','Me gustó el sabor. Puntuación 4.',13,'2025-10-16 17:02:55');
/*!40000 ALTER TABLE `reviews` ENABLE KEYS */;
UNLOCK TABLES;

--
-- Table structure for table `roles`
--

DROP TABLE IF EXISTS `roles`;
/*!40101 SET @saved_cs_client     = @@character_set_client */;
/*!50503 SET character_set_client = utf8mb4 */;
CREATE TABLE `roles` (
  `id` int NOT NULL AUTO_INCREMENT,
  `name` varchar(50) CHARACTER SET utf8mb4 COLLATE utf8mb4_unicode_ci NOT NULL,
  PRIMARY KEY (`id`),
  UNIQUE KEY `name` (`name`)
) ENGINE=InnoDB AUTO_INCREMENT=6 DEFAULT CHARSET=utf8mb4 COLLATE=utf8mb4_unicode_ci;
/*!40101 SET character_set_client = @saved_cs_client */;

--
-- Dumping data for table `roles`
--

LOCK TABLES `roles` WRITE;
/*!40000 ALTER TABLE `roles` DISABLE KEYS */;
INSERT INTO `roles` VALUES (4,'Administrador'),(5,'Cliente');
/*!40000 ALTER TABLE `roles` ENABLE KEYS */;
UNLOCK TABLES;

--
-- Table structure for table `statuses`
--

DROP TABLE IF EXISTS `statuses`;
/*!40101 SET @saved_cs_client     = @@character_set_client */;
/*!50503 SET character_set_client = utf8mb4 */;
CREATE TABLE `statuses` (
  `id` int NOT NULL AUTO_INCREMENT,
  `entity` varchar(50) CHARACTER SET utf8mb4 COLLATE utf8mb4_unicode_ci NOT NULL,
  `code` varchar(60) CHARACTER SET utf8mb4 COLLATE utf8mb4_unicode_ci NOT NULL,
  `label` varchar(120) CHARACTER SET utf8mb4 COLLATE utf8mb4_unicode_ci NOT NULL,
  `description` varchar(255) CHARACTER SET utf8mb4 COLLATE utf8mb4_unicode_ci DEFAULT NULL,
  PRIMARY KEY (`id`),
  UNIQUE KEY `uk_status_entity_code` (`entity`,`code`)
) ENGINE=InnoDB AUTO_INCREMENT=16 DEFAULT CHARSET=utf8mb4 COLLATE=utf8mb4_unicode_ci;
/*!40101 SET character_set_client = @saved_cs_client */;

--
-- Dumping data for table `statuses`
--

LOCK TABLES `statuses` WRITE;
/*!40000 ALTER TABLE `statuses` DISABLE KEYS */;
INSERT INTO `statuses` VALUES (1,'order','pending','Pendiente',NULL),(2,'order','processing','En preparación',NULL),(3,'order','shipped','Enviado',NULL),(4,'order','delivered','Entregado',NULL),(5,'order','cancelled','Cancelado',NULL),(6,'payment','pending','Pendiente',NULL),(7,'payment','completed','Completado',NULL),(8,'payment','failed','Fallido',NULL),(9,'payment','refunded','Reembolsado',NULL),(10,'contact','new','Nuevo',NULL),(11,'contact','in_progress','En proceso',NULL),(12,'contact','closed','Cerrado',NULL),(13,'review','pending','Pendiente',NULL),(14,'review','approved','Aprobado',NULL),(15,'review','rejected','Rechazado',NULL);
/*!40000 ALTER TABLE `statuses` ENABLE KEYS */;
UNLOCK TABLES;

--
-- Table structure for table `users`
--

DROP TABLE IF EXISTS `users`;
/*!40101 SET @saved_cs_client     = @@character_set_client */;
/*!50503 SET character_set_client = utf8mb4 */;
CREATE TABLE `users` (
  `id` bigint NOT NULL AUTO_INCREMENT,
  `role_id` int NOT NULL,
  `identification_type_id` int DEFAULT NULL,
  `identification_number` varchar(50) CHARACTER SET utf8mb4 COLLATE utf8mb4_unicode_ci DEFAULT NULL,
  `first_name` varchar(80) CHARACTER SET utf8mb4 COLLATE utf8mb4_unicode_ci NOT NULL,
  `last_name` varchar(80) CHARACTER SET utf8mb4 COLLATE utf8mb4_unicode_ci DEFAULT NULL,
  `email` varchar(150) CHARACTER SET utf8mb4 COLLATE utf8mb4_unicode_ci NOT NULL,
  `password_hash` varchar(255) CHARACTER SET utf8mb4 COLLATE utf8mb4_unicode_ci NOT NULL,
  `phone` varchar(30) CHARACTER SET utf8mb4 COLLATE utf8mb4_unicode_ci DEFAULT NULL,
  `is_active` tinyint(1) NOT NULL DEFAULT '1',
  `created_at` datetime NOT NULL DEFAULT CURRENT_TIMESTAMP,
  `updated_at` datetime NOT NULL DEFAULT CURRENT_TIMESTAMP ON UPDATE CURRENT_TIMESTAMP,
  PRIMARY KEY (`id`),
  UNIQUE KEY `email` (`email`),
  KEY `idx_users_role` (`role_id`),
  KEY `fk_users_identification_type` (`identification_type_id`),
  CONSTRAINT `fk_users_identification_type` FOREIGN KEY (`identification_type_id`) REFERENCES `identification_types` (`id`) ON DELETE SET NULL ON UPDATE CASCADE,
  CONSTRAINT `fk_users_role` FOREIGN KEY (`role_id`) REFERENCES `roles` (`id`) ON DELETE RESTRICT ON UPDATE CASCADE
) ENGINE=InnoDB AUTO_INCREMENT=301 DEFAULT CHARSET=utf8mb4 COLLATE=utf8mb4_unicode_ci;
/*!40101 SET character_set_client = @saved_cs_client */;

--
-- Dumping data for table `users`
--

LOCK TABLES `users` WRITE;
/*!40000 ALTER TABLE `users` DISABLE KEYS */;
INSERT INTO `users` VALUES (1,4,1,'59202285','Admin','Kahua','adminkahua@kahua.local','$2b$12$adminhashplaceholder','+573090363574',1,'2025-10-16 17:02:49','2025-10-16 17:02:49'),(2,4,1,'13687544','Gerente','Kahua','gerentekahua@kahua.local','$2b$12$adminhashplaceholder','+573139248891',1,'2025-10-16 17:02:49','2025-10-16 17:02:49'),(3,4,1,'83129750','Supervisor','Kahua','supervisorkahua@kahua.local','$2b$12$adminhashplaceholder','+573034853743',1,'2025-10-16 17:02:49','2025-10-16 17:02:49'),(4,4,1,'71686084','Soporte','Kahua','soportekahua@kahua.local','$2b$12$adminhashplaceholder','+573187421185',1,'2025-10-16 17:02:49','2025-10-16 17:02:49'),(5,4,1,'25106588','Manager','Kahua','managerkahua@kahua.local','$2b$12$adminhashplaceholder','+573082489359',1,'2025-10-16 17:02:49','2025-10-16 17:02:49'),(6,5,3,'75559108','Sara','Ramírez','sararamirez6@example.com','$2b$12$userhashplaceholder','+573000310891',1,'2025-10-16 17:02:49','2025-10-16 17:02:49'),(7,5,2,'97169910','Valentina','Silva','valentinasilva7@example.com','$2b$12$userhashplaceholder','+573068609879',1,'2025-10-16 17:02:49','2025-10-16 17:02:49'),(8,5,3,'50849664','Carlos','García','carlosgarcia8@example.com','$2b$12$userhashplaceholder','+573081425121',1,'2025-10-16 17:02:49','2025-10-16 17:02:49'),(9,5,3,'60034944','Andrea','Morales','andreamorales9@example.com','$2b$12$userhashplaceholder','+573146679874',1,'2025-10-16 17:02:49','2025-10-16 17:02:49'),(10,5,1,'28335102','Alejandro','Silva','alejandrosilva10@example.com','$2b$12$userhashplaceholder','+573041094784',1,'2025-10-16 17:02:49','2025-10-16 17:02:49'),(11,5,3,'76889045','Felipe','Sánchez','felipesanchez11@example.com','$2b$12$userhashplaceholder','+573127891538',1,'2025-10-16 17:02:49','2025-10-16 17:02:49'),(12,5,3,'24619317','Laura','Pérez','lauraperez12@example.com','$2b$12$userhashplaceholder','+573111408136',1,'2025-10-16 17:02:49','2025-10-16 17:02:49'),(13,5,3,'47251065','Valentina','Ramírez','valentinaramirez13@example.com','$2b$12$userhashplaceholder','+573072698807',1,'2025-10-16 17:02:49','2025-10-16 17:02:49'),(14,5,3,'84346533','Sofía','Rodríguez','sofiarodriguez14@example.com','$2b$12$userhashplaceholder','+573035815223',1,'2025-10-16 17:02:49','2025-10-16 17:02:49'),(15,5,3,'26489788','Diana','Hernández','dianahernandez15@example.com','$2b$12$userhashplaceholder','+573086433362',1,'2025-10-16 17:02:49','2025-10-16 17:02:49'),(16,5,1,'16879591','Manuel','Ortiz','manuelortiz16@example.com','$2b$12$userhashplaceholder','+573080343956',1,'2025-10-16 17:02:49','2025-10-16 17:02:49'),(17,5,1,'45925434','María','García','mariagarcia17@example.com','$2b$12$userhashplaceholder','+573077270839',1,'2025-10-16 17:02:49','2025-10-16 17:02:49'),(18,5,1,'28687770','Roberto','García','robertogarcia18@example.com','$2b$12$userhashplaceholder','+573185405890',1,'2025-10-16 17:02:49','2025-10-16 17:02:49'),(19,5,2,'92961923','Juan','Gómez','juangomez19@example.com','$2b$12$userhashplaceholder','+573156923126',1,'2025-10-16 17:02:49','2025-10-16 17:02:49'),(20,5,1,'98368363','María','López','marialopez20@example.com','$2b$12$userhashplaceholder','+573149110039',1,'2025-10-16 17:02:49','2025-10-16 17:02:49'),(21,5,2,'37390098','María','López','marialopez21@example.com','$2b$12$userhashplaceholder','+573170528641',1,'2025-10-16 17:02:49','2025-10-16 17:02:49'),(22,5,3,'65621866','Sara','Gómez','saragomez22@example.com','$2b$12$userhashplaceholder','+573133219898',1,'2025-10-16 17:02:49','2025-10-16 17:02:49'),(23,5,3,'36041320','Sofía','Pérez','sofiaperez23@example.com','$2b$12$userhashplaceholder','+573166143374',1,'2025-10-16 17:02:49','2025-10-16 17:02:49'),(24,5,2,'52117941','Sofía','Torres','sofiatorres24@example.com','$2b$12$userhashplaceholder','+573171514904',1,'2025-10-16 17:02:49','2025-10-16 17:02:49'),(25,5,2,'68438479','Lucía','Medina','luciamedina25@example.com','$2b$12$userhashplaceholder','+573008957048',1,'2025-10-16 17:02:49','2025-10-16 17:02:49'),(26,5,1,'95384344','Marcos','Pérez','marcosperez26@example.com','$2b$12$userhashplaceholder','+573051585061',1,'2025-10-16 17:02:49','2025-10-16 17:02:49'),(27,5,2,'97715619','Mauricio','Rodríguez','mauriciorodriguez27@example.com','$2b$12$userhashplaceholder','+573037062550',1,'2025-10-16 17:02:49','2025-10-16 17:02:49'),(28,5,3,'65572826','Natalia','Cruz','nataliacruz28@example.com','$2b$12$userhashplaceholder','+573125215638',1,'2025-10-16 17:02:49','2025-10-16 17:02:49'),(29,5,2,'70497591','Felipe','López','felipelopez29@example.com','$2b$12$userhashplaceholder','+573034415247',1,'2025-10-16 17:02:49','2025-10-16 17:02:49'),(30,5,1,'94253331','Roberto','López','robertolopez30@example.com','$2b$12$userhashplaceholder','+573173624613',1,'2025-10-16 17:02:49','2025-10-16 17:02:49'),(31,5,1,'96445594','Natalia','Vega','nataliavega31@example.com','$2b$12$userhashplaceholder','+573002441055',1,'2025-10-16 17:02:49','2025-10-16 17:02:49'),(32,5,3,'51768919','Diego','Martínez','diegomartinez32@example.com','$2b$12$userhashplaceholder','+573184443615',1,'2025-10-16 17:02:49','2025-10-16 17:02:49'),(33,5,1,'70860374','Valentina','Torres','valentinatorres33@example.com','$2b$12$userhashplaceholder','+573138581287',1,'2025-10-16 17:02:49','2025-10-16 17:02:49'),(34,5,1,'90237855','Lorena','Martínez','lorenamartinez34@example.com','$2b$12$userhashplaceholder','+573011330689',1,'2025-10-16 17:02:49','2025-10-16 17:02:49'),(35,5,3,'57464791','Alejandro','Gómez','alejandrogomez35@example.com','$2b$12$userhashplaceholder','+573177296750',1,'2025-10-16 17:02:49','2025-10-16 17:02:49'),(36,5,NULL,'NULL','Marcos','Vega','marcosvega36@example.com','$2b$12$userhashplaceholder','+573067651197',1,'2025-10-16 17:02:49','2025-10-16 17:02:49'),(37,5,1,'72058048','Ana','Silva','anasilva37@example.com','$2b$12$userhashplaceholder','+573190297034',1,'2025-10-16 17:02:49','2025-10-16 17:02:49'),(38,5,NULL,'NULL','Lucía','Medina','luciamedina38@example.com','$2b$12$userhashplaceholder','+573198766915',1,'2025-10-16 17:02:49','2025-10-16 17:02:49'),(39,5,3,'23519067','José','Torres','josetorres39@example.com','$2b$12$userhashplaceholder','+573038655563',1,'2025-10-16 17:02:49','2025-10-16 17:02:49'),(40,5,3,'78849264','Santiago','Hernández','santiagohernandez40@example.com','$2b$12$userhashplaceholder','+573116385012',1,'2025-10-16 17:02:49','2025-10-16 17:02:49'),(41,5,1,'47960021','Roberto','Pérez','robertoperez41@example.com','$2b$12$userhashplaceholder','+573050447455',1,'2025-10-16 17:02:49','2025-10-16 17:02:49'),(42,5,3,'96608639','Lucía','Hernández','luciahernandez42@example.com','$2b$12$userhashplaceholder','+573015800004',1,'2025-10-16 17:02:49','2025-10-16 17:02:49'),(43,5,1,'95470558','Miguel','Rodríguez','miguelrodriguez43@example.com','$2b$12$userhashplaceholder','+573083745859',1,'2025-10-16 17:02:49','2025-10-16 17:02:49'),(44,5,2,'89606926','María','López','marialopez44@example.com','$2b$12$userhashplaceholder','+573115715428',1,'2025-10-16 17:02:49','2025-10-16 17:02:49'),(45,5,2,'49534920','Laura','Alvarez','lauraalvarez45@example.com','$2b$12$userhashplaceholder','+573042939560',1,'2025-10-16 17:02:49','2025-10-16 17:02:49'),(46,5,3,'80891680','Sara','Ramírez','sararamirez46@example.com','$2b$12$userhashplaceholder','+573154152739',1,'2025-10-16 17:02:49','2025-10-16 17:02:49'),(47,5,1,'68929408','Luis','Castro','luiscastro47@example.com','$2b$12$userhashplaceholder','+573118136775',1,'2025-10-16 17:02:49','2025-10-16 17:02:49'),(48,5,1,'69671498','Camila','Cruz','camilacruz48@example.com','$2b$12$userhashplaceholder','+573066126831',1,'2025-10-16 17:02:49','2025-10-16 17:02:49'),(49,5,2,'15342276','Andrea','Hernández','andreahernandez49@example.com','$2b$12$userhashplaceholder','+573072612950',1,'2025-10-16 17:02:49','2025-10-16 17:02:49'),(50,5,3,'38349749','Lorena','Ramírez','lorenaramirez50@example.com','$2b$12$userhashplaceholder','+573080553086',1,'2025-10-16 17:02:49','2025-10-16 17:02:49'),(51,5,1,'46046532','Miguel','Gómez','miguelgomez51@example.com','$2b$12$userhashplaceholder','+573081094899',1,'2025-10-16 17:02:49','2025-10-16 17:02:49'),(52,5,1,'97039305','Manuel','Vega','manuelvega52@example.com','$2b$12$userhashplaceholder','+573132934868',1,'2025-10-16 17:02:49','2025-10-16 17:02:49'),(53,5,2,'66964565','José','Alvarez','josealvarez53@example.com','$2b$12$userhashplaceholder','+573023999413',1,'2025-10-16 17:02:49','2025-10-16 17:02:49'),(54,5,3,'89136575','María','Morales','mariamorales54@example.com','$2b$12$userhashplaceholder','+573152068407',1,'2025-10-16 17:02:49','2025-10-16 17:02:49'),(55,5,2,'85063288','Roberto','López','robertolopez55@example.com','$2b$12$userhashplaceholder','+573155347885',1,'2025-10-16 17:02:49','2025-10-16 17:02:49'),(56,5,2,'40141499','Sara','Pérez','saraperez56@example.com','$2b$12$userhashplaceholder','+573093684943',1,'2025-10-16 17:02:49','2025-10-16 17:02:49'),(57,5,1,'65756967','Andrea','García','andreagarcia57@example.com','$2b$12$userhashplaceholder','+573156947015',1,'2025-10-16 17:02:49','2025-10-16 17:02:49'),(58,5,2,'92196371','María','Rodríguez','mariarodriguez58@example.com','$2b$12$userhashplaceholder','+573101015319',1,'2025-10-16 17:02:49','2025-10-16 17:02:49'),(59,5,2,'76227135','Marcos','Morales','marcosmorales59@example.com','$2b$12$userhashplaceholder','+573137659974',1,'2025-10-16 17:02:49','2025-10-16 17:02:49'),(60,5,1,'80065960','Ana','Rodríguez','anarodriguez60@example.com','$2b$12$userhashplaceholder','+573002182990',1,'2025-10-16 17:02:49','2025-10-16 17:02:49'),(61,5,3,'87142628','Carlos','Díaz','carlosdiaz61@example.com','$2b$12$userhashplaceholder','+573010506255',1,'2025-10-16 17:02:49','2025-10-16 17:02:49'),(62,5,2,'54476888','Andrés','Sánchez','andressanchez62@example.com','$2b$12$userhashplaceholder','+573126061178',1,'2025-10-16 17:02:49','2025-10-16 17:02:49'),(63,5,2,'28192592','Laura','Rodríguez','laurarodriguez63@example.com','$2b$12$userhashplaceholder','+573108293578',1,'2025-10-16 17:02:49','2025-10-16 17:02:49'),(64,5,1,'65248690','Sofía','Gómez','sofiagomez64@example.com','$2b$12$userhashplaceholder','+573145875259',1,'2025-10-16 17:02:49','2025-10-16 17:02:49'),(65,5,3,'35789376','Javier','Martínez','javiermartinez65@example.com','$2b$12$userhashplaceholder','+573100175602',1,'2025-10-16 17:02:49','2025-10-16 17:02:49'),(66,5,3,'80222287','Natalia','Ortiz','nataliaortiz66@example.com','$2b$12$userhashplaceholder','+573063506684',1,'2025-10-16 17:02:49','2025-10-16 17:02:49'),(67,5,2,'45460328','Mauricio','Cruz','mauriciocruz67@example.com','$2b$12$userhashplaceholder','+573107193058',1,'2025-10-16 17:02:49','2025-10-16 17:02:49'),(68,5,3,'98230441','Ana','Morales','anamorales68@example.com','$2b$12$userhashplaceholder','+573010805223',1,'2025-10-16 17:02:49','2025-10-16 17:02:49'),(69,5,2,'32076339','Diana','Pérez','dianaperez69@example.com','$2b$12$userhashplaceholder','+573167185701',1,'2025-10-16 17:02:49','2025-10-16 17:02:49'),(70,5,1,'83006054','Diana','Morales','dianamorales70@example.com','$2b$12$userhashplaceholder','+573146301452',1,'2025-10-16 17:02:49','2025-10-16 17:02:49'),(71,5,1,'33640840','Andrés','Rodríguez','andresrodriguez71@example.com','$2b$12$userhashplaceholder','+573157067391',1,'2025-10-16 17:02:49','2025-10-16 17:02:49'),(72,5,3,'50695901','Camila','Alvarez','camilaalvarez72@example.com','$2b$12$userhashplaceholder','+573089770255',1,'2025-10-16 17:02:49','2025-10-16 17:02:49'),(73,5,3,'24115393','Laura','Torres','lauratorres73@example.com','$2b$12$userhashplaceholder','+573150660818',1,'2025-10-16 17:02:49','2025-10-16 17:02:49'),(74,5,3,'56030416','Camila','Rojas','camilarojas74@example.com','$2b$12$userhashplaceholder','+573159305947',1,'2025-10-16 17:02:49','2025-10-16 17:02:49'),(75,5,NULL,'NULL','Camila','Gómez','camilagomez75@example.com','$2b$12$userhashplaceholder','+573048361363',1,'2025-10-16 17:02:49','2025-10-16 17:02:49'),(76,5,3,'55518619','Miguel','Torres','migueltorres76@example.com','$2b$12$userhashplaceholder','+573124489607',1,'2025-10-16 17:02:49','2025-10-16 17:02:49'),(77,5,1,'73710719','Felipe','Martínez','felipemartinez77@example.com','$2b$12$userhashplaceholder','+573093825577',1,'2025-10-16 17:02:49','2025-10-16 17:02:49'),(78,5,3,'18449380','Lucía','Gómez','luciagomez78@example.com','$2b$12$userhashplaceholder','+573061621980',1,'2025-10-16 17:02:49','2025-10-16 17:02:49'),(79,5,3,'19558879','Marcos','Morales','marcosmorales79@example.com','$2b$12$userhashplaceholder','+573188823673',1,'2025-10-16 17:02:49','2025-10-16 17:02:49'),(80,5,1,'90111142','María','Alvarez','mariaalvarez80@example.com','$2b$12$userhashplaceholder','+573085236767',1,'2025-10-16 17:02:49','2025-10-16 17:02:49'),(81,5,1,'24553871','Juan','López','juanlopez81@example.com','$2b$12$userhashplaceholder','+573156830115',1,'2025-10-16 17:02:49','2025-10-16 17:02:49'),(82,5,NULL,'NULL','Ana','Rojas','anarojas82@example.com','$2b$12$userhashplaceholder','+573048865631',1,'2025-10-16 17:02:49','2025-10-16 17:02:49'),(83,5,1,'79990947','Miguel','Hernández','miguelhernandez83@example.com','$2b$12$userhashplaceholder','+573130821619',1,'2025-10-16 17:02:49','2025-10-16 17:02:49'),(84,5,1,'58497738','Daniela','Castro','danielacastro84@example.com','$2b$12$userhashplaceholder','+573098894616',1,'2025-10-16 17:02:49','2025-10-16 17:02:49'),(85,5,2,'96773256','Daniela','García','danielagarcia85@example.com','$2b$12$userhashplaceholder','+573028020541',1,'2025-10-16 17:02:49','2025-10-16 17:02:49'),(86,5,3,'52275026','Roberto','Vega','robertovega86@example.com','$2b$12$userhashplaceholder','+573098476840',1,'2025-10-16 17:02:49','2025-10-16 17:02:49'),(87,5,NULL,'NULL','Paola','Díaz','paoladiaz87@example.com','$2b$12$userhashplaceholder','+573074074076',1,'2025-10-16 17:02:49','2025-10-16 17:02:49'),(88,5,1,'89896501','Sara','López','saralopez88@example.com','$2b$12$userhashplaceholder','+573106717979',1,'2025-10-16 17:02:49','2025-10-16 17:02:49'),(89,5,3,'17407709','Esteban','Ramírez','estebanramirez89@example.com','$2b$12$userhashplaceholder','+573027215262',1,'2025-10-16 17:02:49','2025-10-16 17:02:49'),(90,5,2,'99067874','Lucía','Cruz','luciacruz90@example.com','$2b$12$userhashplaceholder','+573185355430',1,'2025-10-16 17:02:49','2025-10-16 17:02:49'),(91,5,3,'67560720','Mauricio','Vega','mauriciovega91@example.com','$2b$12$userhashplaceholder','+573045077393',1,'2025-10-16 17:02:49','2025-10-16 17:02:49'),(92,5,2,'89220369','Paola','Rojas','paolarojas92@example.com','$2b$12$userhashplaceholder','+573009551415',1,'2025-10-16 17:02:49','2025-10-16 17:02:49'),(93,5,3,'18527366','Laura','Cruz','lauracruz93@example.com','$2b$12$userhashplaceholder','+573038772525',1,'2025-10-16 17:02:49','2025-10-16 17:02:49'),(94,5,3,'44640568','Andrés','Torres','andrestorres94@example.com','$2b$12$userhashplaceholder','+573100709576',1,'2025-10-16 17:02:49','2025-10-16 17:02:49'),(95,5,1,'28275348','Camila','Martínez','camilamartinez95@example.com','$2b$12$userhashplaceholder','+573094011208',1,'2025-10-16 17:02:49','2025-10-16 17:02:49'),(96,5,2,'68387750','Laura','Martínez','lauramartinez96@example.com','$2b$12$userhashplaceholder','+573130558888',1,'2025-10-16 17:02:49','2025-10-16 17:02:49'),(97,5,1,'72541215','Mauricio','Martínez','mauriciomartinez97@example.com','$2b$12$userhashplaceholder','+573155230341',1,'2025-10-16 17:02:49','2025-10-16 17:02:49'),(98,5,1,'14819669','Santiago','López','santiagolopez98@example.com','$2b$12$userhashplaceholder','+573097922505',1,'2025-10-16 17:02:49','2025-10-16 17:02:49'),(99,5,1,'16313134','Miguel','Torres','migueltorres99@example.com','$2b$12$userhashplaceholder','+573129538442',1,'2025-10-16 17:02:49','2025-10-16 17:02:49'),(100,5,1,'71485988','Paola','García','paolagarcia100@example.com','$2b$12$userhashplaceholder','+573022969633',1,'2025-10-16 17:02:49','2025-10-16 17:02:49'),(101,5,NULL,'NULL','Natalia','Gómez','nataliagomez101@example.com','$2b$12$userhashplaceholder','+573053144099',1,'2025-10-16 17:02:49','2025-10-16 17:02:49'),(102,5,2,'81228386','Roberto','Ortiz','robertoortiz102@example.com','$2b$12$userhashplaceholder','+573162380113',1,'2025-10-16 17:02:49','2025-10-16 17:02:49'),(103,5,1,'16181370','María','Ortiz','mariaortiz103@example.com','$2b$12$userhashplaceholder','+573067967026',1,'2025-10-16 17:02:49','2025-10-16 17:02:49'),(104,5,2,'95635923','Daniela','Hernández','danielahernandez104@example.com','$2b$12$userhashplaceholder','+573000888221',1,'2025-10-16 17:02:49','2025-10-16 17:02:49'),(105,5,2,'92951872','Diana','Martínez','dianamartinez105@example.com','$2b$12$userhashplaceholder','+573150244554',1,'2025-10-16 17:02:49','2025-10-16 17:02:49'),(106,5,1,'62403070','José','Silva','josesilva106@example.com','$2b$12$userhashplaceholder','+573028286187',1,'2025-10-16 17:02:49','2025-10-16 17:02:49'),(107,5,1,'39047284','Diego','Alvarez','diegoalvarez107@example.com','$2b$12$userhashplaceholder','+573060994948',1,'2025-10-16 17:02:49','2025-10-16 17:02:49'),(108,5,3,'59884974','Felipe','Morales','felipemorales108@example.com','$2b$12$userhashplaceholder','+573044674829',1,'2025-10-16 17:02:49','2025-10-16 17:02:49'),(109,5,3,'89736022','Esteban','Cruz','estebancruz109@example.com','$2b$12$userhashplaceholder','+573080955113',1,'2025-10-16 17:02:49','2025-10-16 17:02:49'),(110,5,2,'28290729','Juan','Rodríguez','juanrodriguez110@example.com','$2b$12$userhashplaceholder','+573043325788',1,'2025-10-16 17:02:49','2025-10-16 17:02:49'),(111,5,2,'29595319','Marcos','Ortiz','marcosortiz111@example.com','$2b$12$userhashplaceholder','+573067825867',1,'2025-10-16 17:02:49','2025-10-16 17:02:49'),(112,5,3,'49270918','Lucía','Ortiz','luciaortiz112@example.com','$2b$12$userhashplaceholder','+573123559471',1,'2025-10-16 17:02:49','2025-10-16 17:02:49'),(113,5,2,'23863805','Andrés','Torres','andrestorres113@example.com','$2b$12$userhashplaceholder','+573044178956',1,'2025-10-16 17:02:49','2025-10-16 17:02:49'),(114,5,1,'85099287','Paola','Sánchez','paolasanchez114@example.com','$2b$12$userhashplaceholder','+573190278535',1,'2025-10-16 17:02:49','2025-10-16 17:02:49'),(115,5,1,'94220174','Manuel','Vega','manuelvega115@example.com','$2b$12$userhashplaceholder','+573143399266',1,'2025-10-16 17:02:49','2025-10-16 17:02:49'),(116,5,2,'52903420','Esteban','Morales','estebanmorales116@example.com','$2b$12$userhashplaceholder','+573039971064',1,'2025-10-16 17:02:49','2025-10-16 17:02:49'),(117,5,3,'48535151','Felipe','Hernández','felipehernandez117@example.com','$2b$12$userhashplaceholder','+573065299553',1,'2025-10-16 17:02:49','2025-10-16 17:02:49'),(118,5,1,'91145596','Luis','Pérez','luisperez118@example.com','$2b$12$userhashplaceholder','+573087787042',1,'2025-10-16 17:02:49','2025-10-16 17:02:49'),(119,5,1,'15907891','Manuel','Pérez','manuelperez119@example.com','$2b$12$userhashplaceholder','+573002504211',1,'2025-10-16 17:02:49','2025-10-16 17:02:49'),(120,5,3,'86114540','Marcos','López','marcoslopez120@example.com','$2b$12$userhashplaceholder','+573123961563',1,'2025-10-16 17:02:49','2025-10-16 17:02:49'),(121,5,3,'26330483','Carlos','Sánchez','carlossanchez121@example.com','$2b$12$userhashplaceholder','+573050529881',1,'2025-10-16 17:02:49','2025-10-16 17:02:49'),(122,5,1,'72438444','Juan','Silva','juansilva122@example.com','$2b$12$userhashplaceholder','+573128072200',1,'2025-10-16 17:02:49','2025-10-16 17:02:49'),(123,5,1,'66986091','María','Alvarez','mariaalvarez123@example.com','$2b$12$userhashplaceholder','+573043206830',1,'2025-10-16 17:02:50','2025-10-16 17:02:50'),(124,5,1,'25524884','Sofía','Ortiz','sofiaortiz124@example.com','$2b$12$userhashplaceholder','+573069938868',1,'2025-10-16 17:02:50','2025-10-16 17:02:50'),(125,5,NULL,'NULL','Esteban','Ortiz','estebanortiz125@example.com','$2b$12$userhashplaceholder','+573057215788',1,'2025-10-16 17:02:50','2025-10-16 17:02:50'),(126,5,1,'54307398','Andrea','García','andreagarcia126@example.com','$2b$12$userhashplaceholder','+573148301566',1,'2025-10-16 17:02:50','2025-10-16 17:02:50'),(127,5,NULL,'NULL','Miguel','García','miguelgarcia127@example.com','$2b$12$userhashplaceholder','+573079036774',1,'2025-10-16 17:02:50','2025-10-16 17:02:50'),(128,5,1,'36232068','Mauricio','Silva','mauriciosilva128@example.com','$2b$12$userhashplaceholder','+573102123108',1,'2025-10-16 17:02:50','2025-10-16 17:02:50'),(129,5,1,'69701989','Paola','Cruz','paolacruz129@example.com','$2b$12$userhashplaceholder','+573023703477',1,'2025-10-16 17:02:50','2025-10-16 17:02:50'),(130,5,2,'54514666','Sara','Pérez','saraperez130@example.com','$2b$12$userhashplaceholder','+573079746143',1,'2025-10-16 17:02:50','2025-10-16 17:02:50'),(131,5,2,'33138970','Mauricio','García','mauriciogarcia131@example.com','$2b$12$userhashplaceholder','+573049932268',1,'2025-10-16 17:02:50','2025-10-16 17:02:50'),(132,5,2,'24846510','Andrés','Hernández','andreshernandez132@example.com','$2b$12$userhashplaceholder','+573097945357',1,'2025-10-16 17:02:50','2025-10-16 17:02:50'),(133,5,3,'42182025','Marcos','Rodríguez','marcosrodriguez133@example.com','$2b$12$userhashplaceholder','+573132451913',1,'2025-10-16 17:02:50','2025-10-16 17:02:50'),(134,5,2,'28594089','Andrea','Medina','andreamedina134@example.com','$2b$12$userhashplaceholder','+573003616535',1,'2025-10-16 17:02:50','2025-10-16 17:02:50'),(135,5,3,'20101807','Alejandro','López','alejandrolopez135@example.com','$2b$12$userhashplaceholder','+573175529649',1,'2025-10-16 17:02:50','2025-10-16 17:02:50'),(136,5,1,'47377341','Marcos','García','marcosgarcia136@example.com','$2b$12$userhashplaceholder','+573028136216',1,'2025-10-16 17:02:50','2025-10-16 17:02:50'),(137,5,NULL,'NULL','Diana','Silva','dianasilva137@example.com','$2b$12$userhashplaceholder','+573007761444',1,'2025-10-16 17:02:50','2025-10-16 17:02:50'),(138,5,NULL,'NULL','Laura','García','lauragarcia138@example.com','$2b$12$userhashplaceholder','+573054736351',1,'2025-10-16 17:02:50','2025-10-16 17:02:50'),(139,5,3,'89050828','Alejandro','Silva','alejandrosilva139@example.com','$2b$12$userhashplaceholder','+573078775570',1,'2025-10-16 17:02:50','2025-10-16 17:02:50'),(140,5,3,'15483795','Marcos','Rodríguez','marcosrodriguez140@example.com','$2b$12$userhashplaceholder','+573075767956',1,'2025-10-16 17:02:50','2025-10-16 17:02:50'),(141,5,2,'40639978','José','Rojas','joserojas141@example.com','$2b$12$userhashplaceholder','+573153558360',1,'2025-10-16 17:02:50','2025-10-16 17:02:50'),(142,5,2,'66254218','Juan','Medina','juanmedina142@example.com','$2b$12$userhashplaceholder','+573173420550',1,'2025-10-16 17:02:50','2025-10-16 17:02:50'),(143,5,3,'31926572','Santiago','Medina','santiagomedina143@example.com','$2b$12$userhashplaceholder','+573003404546',1,'2025-10-16 17:02:50','2025-10-16 17:02:50'),(144,5,2,'81302504','Carlos','Rodríguez','carlosrodriguez144@example.com','$2b$12$userhashplaceholder','+573046230660',1,'2025-10-16 17:02:50','2025-10-16 17:02:50'),(145,5,3,'43603982','Luis','Hernández','luishernandez145@example.com','$2b$12$userhashplaceholder','+573085925335',1,'2025-10-16 17:02:50','2025-10-16 17:02:50'),(146,5,2,'53620564','Laura','Díaz','lauradiaz146@example.com','$2b$12$userhashplaceholder','+573119921681',1,'2025-10-16 17:02:50','2025-10-16 17:02:50'),(147,5,3,'22738143','Natalia','Torres','nataliatorres147@example.com','$2b$12$userhashplaceholder','+573031941218',1,'2025-10-16 17:02:50','2025-10-16 17:02:50'),(148,5,2,'79513994','Roberto','Hernández','robertohernandez148@example.com','$2b$12$userhashplaceholder','+573044819577',1,'2025-10-16 17:02:50','2025-10-16 17:02:50'),(149,5,2,'20918217','Diego','Alvarez','diegoalvarez149@example.com','$2b$12$userhashplaceholder','+573015005724',1,'2025-10-16 17:02:50','2025-10-16 17:02:50'),(150,5,1,'48130181','Mauricio','Rodríguez','mauriciorodriguez150@example.com','$2b$12$userhashplaceholder','+573195135954',1,'2025-10-16 17:02:50','2025-10-16 17:02:50'),(151,5,3,'35805055','Juan','Ramírez','juanramirez151@example.com','$2b$12$userhashplaceholder','+573068833676',1,'2025-10-16 17:02:50','2025-10-16 17:02:50'),(152,5,NULL,'NULL','Santiago','Silva','santiagosilva152@example.com','$2b$12$userhashplaceholder','+573182420361',1,'2025-10-16 17:02:50','2025-10-16 17:02:50'),(153,5,2,'35280611','Diego','Castro','diegocastro153@example.com','$2b$12$userhashplaceholder','+573109427991',1,'2025-10-16 17:02:50','2025-10-16 17:02:50'),(154,5,NULL,'NULL','Andrés','Vega','andresvega154@example.com','$2b$12$userhashplaceholder','+573052556895',1,'2025-10-16 17:02:50','2025-10-16 17:02:50'),(155,5,3,'49454386','Santiago','Morales','santiagomorales155@example.com','$2b$12$userhashplaceholder','+573165199262',1,'2025-10-16 17:02:50','2025-10-16 17:02:50'),(156,5,3,'77233987','Luis','Castro','luiscastro156@example.com','$2b$12$userhashplaceholder','+573094888206',1,'2025-10-16 17:02:50','2025-10-16 17:02:50'),(157,5,3,'18078774','Camila','Silva','camilasilva157@example.com','$2b$12$userhashplaceholder','+573118080481',1,'2025-10-16 17:02:50','2025-10-16 17:02:50'),(158,5,3,'37542480','Felipe','Medina','felipemedina158@example.com','$2b$12$userhashplaceholder','+573042101027',1,'2025-10-16 17:02:50','2025-10-16 17:02:50'),(159,5,1,'70190052','Esteban','Medina','estebanmedina159@example.com','$2b$12$userhashplaceholder','+573080569746',1,'2025-10-16 17:02:50','2025-10-16 17:02:50'),(160,5,3,'27640242','Juan','García','juangarcia160@example.com','$2b$12$userhashplaceholder','+573077547795',1,'2025-10-16 17:02:50','2025-10-16 17:02:50'),(161,5,2,'92174413','Paola','Alvarez','paolaalvarez161@example.com','$2b$12$userhashplaceholder','+573107625701',1,'2025-10-16 17:02:50','2025-10-16 17:02:50'),(162,5,2,'81785337','Paola','Medina','paolamedina162@example.com','$2b$12$userhashplaceholder','+573082354713',1,'2025-10-16 17:02:50','2025-10-16 17:02:50'),(163,5,1,'93347512','Sofía','Sánchez','sofiasanchez163@example.com','$2b$12$userhashplaceholder','+573121001728',1,'2025-10-16 17:02:50','2025-10-16 17:02:50'),(164,5,3,'53336201','Natalia','Hernández','nataliahernandez164@example.com','$2b$12$userhashplaceholder','+573100988881',1,'2025-10-16 17:02:50','2025-10-16 17:02:50'),(165,5,3,'10892033','Juan','Cruz','juancruz165@example.com','$2b$12$userhashplaceholder','+573030330290',1,'2025-10-16 17:02:50','2025-10-16 17:02:50'),(166,5,2,'24511516','Diego','Castro','diegocastro166@example.com','$2b$12$userhashplaceholder','+573055816374',1,'2025-10-16 17:02:50','2025-10-16 17:02:50'),(167,5,2,'93374534','Sofía','Alvarez','sofiaalvarez167@example.com','$2b$12$userhashplaceholder','+573080414022',1,'2025-10-16 17:02:50','2025-10-16 17:02:50'),(168,5,3,'36657736','Alejandro','Vega','alejandrovega168@example.com','$2b$12$userhashplaceholder','+573087415857',1,'2025-10-16 17:02:50','2025-10-16 17:02:50'),(169,5,NULL,'NULL','Paola','Ramírez','paolaramirez169@example.com','$2b$12$userhashplaceholder','+573012700965',1,'2025-10-16 17:02:50','2025-10-16 17:02:50'),(170,5,3,'17250152','Santiago','Cruz','santiagocruz170@example.com','$2b$12$userhashplaceholder','+573074533693',1,'2025-10-16 17:02:50','2025-10-16 17:02:50'),(171,5,1,'45449788','Lucía','Silva','luciasilva171@example.com','$2b$12$userhashplaceholder','+573172358616',1,'2025-10-16 17:02:50','2025-10-16 17:02:50'),(172,5,3,'69111638','Manuel','Rojas','manuelrojas172@example.com','$2b$12$userhashplaceholder','+573091298596',1,'2025-10-16 17:02:50','2025-10-16 17:02:50'),(173,5,1,'91613956','Carlos','Ortiz','carlosortiz173@example.com','$2b$12$userhashplaceholder','+573002626326',1,'2025-10-16 17:02:50','2025-10-16 17:02:50'),(174,5,2,'92733743','José','Silva','josesilva174@example.com','$2b$12$userhashplaceholder','+573007374542',1,'2025-10-16 17:02:50','2025-10-16 17:02:50'),(175,5,2,'76106919','José','López','joselopez175@example.com','$2b$12$userhashplaceholder','+573105654115',1,'2025-10-16 17:02:50','2025-10-16 17:02:50'),(176,5,1,'97674144','Felipe','Díaz','felipediaz176@example.com','$2b$12$userhashplaceholder','+573188643468',1,'2025-10-16 17:02:50','2025-10-16 17:02:50'),(177,5,3,'62218955','Natalia','García','nataliagarcia177@example.com','$2b$12$userhashplaceholder','+573075372492',1,'2025-10-16 17:02:50','2025-10-16 17:02:50'),(178,5,1,'71611420','Luis','Morales','luismorales178@example.com','$2b$12$userhashplaceholder','+573191347080',1,'2025-10-16 17:02:50','2025-10-16 17:02:50'),(179,5,1,'21580424','Diana','Sánchez','dianasanchez179@example.com','$2b$12$userhashplaceholder','+573187879190',1,'2025-10-16 17:02:50','2025-10-16 17:02:50'),(180,5,1,'25908889','Luis','García','luisgarcia180@example.com','$2b$12$userhashplaceholder','+573060919266',1,'2025-10-16 17:02:50','2025-10-16 17:02:50'),(181,5,2,'38324254','Felipe','Pérez','felipeperez181@example.com','$2b$12$userhashplaceholder','+573185463990',1,'2025-10-16 17:02:50','2025-10-16 17:02:50'),(182,5,3,'58301575','Alejandro','Díaz','alejandrodiaz182@example.com','$2b$12$userhashplaceholder','+573195169336',1,'2025-10-16 17:02:50','2025-10-16 17:02:50'),(183,5,3,'34804716','Alejandro','Rojas','alejandrorojas183@example.com','$2b$12$userhashplaceholder','+573162912829',1,'2025-10-16 17:02:50','2025-10-16 17:02:50'),(184,5,1,'55072232','Miguel','Medina','miguelmedina184@example.com','$2b$12$userhashplaceholder','+573169039306',1,'2025-10-16 17:02:50','2025-10-16 17:02:50'),(185,5,2,'89225927','Santiago','Rojas','santiagorojas185@example.com','$2b$12$userhashplaceholder','+573054577829',1,'2025-10-16 17:02:50','2025-10-16 17:02:50'),(186,5,NULL,'NULL','Felipe','Silva','felipesilva186@example.com','$2b$12$userhashplaceholder','+573183142930',1,'2025-10-16 17:02:50','2025-10-16 17:02:50'),(187,5,2,'92840541','Sara','Cruz','saracruz187@example.com','$2b$12$userhashplaceholder','+573191846129',1,'2025-10-16 17:02:50','2025-10-16 17:02:50'),(188,5,3,'89842977','Andrés','Ramírez','andresramirez188@example.com','$2b$12$userhashplaceholder','+573191264227',1,'2025-10-16 17:02:50','2025-10-16 17:02:50'),(189,5,2,'19648177','Camila','Díaz','camiladiaz189@example.com','$2b$12$userhashplaceholder','+573073375537',1,'2025-10-16 17:02:50','2025-10-16 17:02:50'),(190,5,1,'86653397','Camila','Vega','camilavega190@example.com','$2b$12$userhashplaceholder','+573024219208',1,'2025-10-16 17:02:50','2025-10-16 17:02:50'),(191,5,1,'47231401','Paola','Castro','paolacastro191@example.com','$2b$12$userhashplaceholder','+573002723203',1,'2025-10-16 17:02:50','2025-10-16 17:02:50'),(192,5,1,'79515361','Daniela','Ortiz','danielaortiz192@example.com','$2b$12$userhashplaceholder','+573162601661',1,'2025-10-16 17:02:50','2025-10-16 17:02:50'),(193,5,1,'14309735','Manuel','Alvarez','manuelalvarez193@example.com','$2b$12$userhashplaceholder','+573084698455',1,'2025-10-16 17:02:50','2025-10-16 17:02:50'),(194,5,3,'75119892','Andrea','Cruz','andreacruz194@example.com','$2b$12$userhashplaceholder','+573096813056',1,'2025-10-16 17:02:50','2025-10-16 17:02:50'),(195,5,NULL,'NULL','Esteban','Díaz','estebandiaz195@example.com','$2b$12$userhashplaceholder','+573112358877',1,'2025-10-16 17:02:50','2025-10-16 17:02:50'),(196,5,2,'12008173','Alejandro','Vega','alejandrovega196@example.com','$2b$12$userhashplaceholder','+573030654353',1,'2025-10-16 17:02:50','2025-10-16 17:02:50'),(197,5,1,'86321186','Paola','Pérez','paolaperez197@example.com','$2b$12$userhashplaceholder','+573125624822',1,'2025-10-16 17:02:50','2025-10-16 17:02:50'),(198,5,3,'60136998','Diana','García','dianagarcia198@example.com','$2b$12$userhashplaceholder','+573080920403',1,'2025-10-16 17:02:50','2025-10-16 17:02:50'),(199,5,1,'38103823','Diana','López','dianalopez199@example.com','$2b$12$userhashplaceholder','+573116076824',1,'2025-10-16 17:02:50','2025-10-16 17:02:50'),(200,5,3,'63179099','Roberto','García','robertogarcia200@example.com','$2b$12$userhashplaceholder','+573177671564',1,'2025-10-16 17:02:50','2025-10-16 17:02:50'),(201,5,2,'64573918','Roberto','Cruz','robertocruz201@example.com','$2b$12$userhashplaceholder','+573180195677',1,'2025-10-16 17:02:50','2025-10-16 17:02:50'),(202,5,3,'51345246','Diego','Cruz','diegocruz202@example.com','$2b$12$userhashplaceholder','+573057684192',1,'2025-10-16 17:02:50','2025-10-16 17:02:50'),(203,5,2,'67630728','Marcos','Rodríguez','marcosrodriguez203@example.com','$2b$12$userhashplaceholder','+573155492315',1,'2025-10-16 17:02:50','2025-10-16 17:02:50'),(204,5,3,'17650933','Miguel','Rojas','miguelrojas204@example.com','$2b$12$userhashplaceholder','+573025475440',1,'2025-10-16 17:02:50','2025-10-16 17:02:50'),(205,5,3,'75583292','Mauricio','López','mauriciolopez205@example.com','$2b$12$userhashplaceholder','+573069226518',1,'2025-10-16 17:02:50','2025-10-16 17:02:50'),(206,5,1,'83670159','Manuel','Díaz','manueldiaz206@example.com','$2b$12$userhashplaceholder','+573179150513',1,'2025-10-16 17:02:50','2025-10-16 17:02:50'),(207,5,2,'73260008','Natalia','Alvarez','nataliaalvarez207@example.com','$2b$12$userhashplaceholder','+573074416957',1,'2025-10-16 17:02:50','2025-10-16 17:02:50'),(208,5,1,'55544650','Luis','Castro','luiscastro208@example.com','$2b$12$userhashplaceholder','+573168254630',1,'2025-10-16 17:02:50','2025-10-16 17:02:50'),(209,5,2,'89413759','Lucía','Cruz','luciacruz209@example.com','$2b$12$userhashplaceholder','+573082291906',1,'2025-10-16 17:02:50','2025-10-16 17:02:50'),(210,5,1,'98054310','Manuel','Silva','manuelsilva210@example.com','$2b$12$userhashplaceholder','+573164852605',1,'2025-10-16 17:02:50','2025-10-16 17:02:50'),(211,5,2,'66443328','Roberto','García','robertogarcia211@example.com','$2b$12$userhashplaceholder','+573026822322',1,'2025-10-16 17:02:50','2025-10-16 17:02:50'),(212,5,1,'35027551','Manuel','Alvarez','manuelalvarez212@example.com','$2b$12$userhashplaceholder','+573191199911',1,'2025-10-16 17:02:50','2025-10-16 17:02:50'),(213,5,3,'40879374','Juan','Vega','juanvega213@example.com','$2b$12$userhashplaceholder','+573159030240',1,'2025-10-16 17:02:50','2025-10-16 17:02:50'),(214,5,2,'68623662','Sara','Cruz','saracruz214@example.com','$2b$12$userhashplaceholder','+573050360373',1,'2025-10-16 17:02:50','2025-10-16 17:02:50'),(215,5,2,'76787083','Manuel','Silva','manuelsilva215@example.com','$2b$12$userhashplaceholder','+573113212498',1,'2025-10-16 17:02:50','2025-10-16 17:02:50'),(216,5,NULL,'NULL','María','Díaz','mariadiaz216@example.com','$2b$12$userhashplaceholder','+573063560868',1,'2025-10-16 17:02:50','2025-10-16 17:02:50'),(217,5,NULL,'NULL','Andrea','García','andreagarcia217@example.com','$2b$12$userhashplaceholder','+573159283235',1,'2025-10-16 17:02:50','2025-10-16 17:02:50'),(218,5,1,'29271092','Juan','Silva','juansilva218@example.com','$2b$12$userhashplaceholder','+573079535033',1,'2025-10-16 17:02:50','2025-10-16 17:02:50'),(219,5,2,'79771095','Manuel','Cruz','manuelcruz219@example.com','$2b$12$userhashplaceholder','+573042702055',1,'2025-10-16 17:02:50','2025-10-16 17:02:50'),(220,5,2,'36241624','Santiago','Pérez','santiagoperez220@example.com','$2b$12$userhashplaceholder','+573153197658',1,'2025-10-16 17:02:50','2025-10-16 17:02:50'),(221,5,1,'27523207','Laura','Morales','lauramorales221@example.com','$2b$12$userhashplaceholder','+573011804703',1,'2025-10-16 17:02:50','2025-10-16 17:02:50'),(222,5,2,'18975852','Javier','Ramírez','javierramirez222@example.com','$2b$12$userhashplaceholder','+573152616062',1,'2025-10-16 17:02:50','2025-10-16 17:02:50'),(223,5,2,'85156205','Miguel','Cruz','miguelcruz223@example.com','$2b$12$userhashplaceholder','+573082073651',1,'2025-10-16 17:02:50','2025-10-16 17:02:50'),(224,5,2,'20627304','Luis','Ramírez','luisramirez224@example.com','$2b$12$userhashplaceholder','+573186414043',1,'2025-10-16 17:02:50','2025-10-16 17:02:50'),(225,5,1,'47914819','Ana','Cruz','anacruz225@example.com','$2b$12$userhashplaceholder','+573121110182',1,'2025-10-16 17:02:50','2025-10-16 17:02:50'),(226,5,3,'57108895','Javier','Sánchez','javiersanchez226@example.com','$2b$12$userhashplaceholder','+573119052940',1,'2025-10-16 17:02:50','2025-10-16 17:02:50'),(227,5,2,'39985935','Mauricio','Medina','mauriciomedina227@example.com','$2b$12$userhashplaceholder','+573133882405',1,'2025-10-16 17:02:50','2025-10-16 17:02:50'),(228,5,1,'43416207','Natalia','García','nataliagarcia228@example.com','$2b$12$userhashplaceholder','+573130302201',1,'2025-10-16 17:02:50','2025-10-16 17:02:50'),(229,5,3,'32379713','Paola','Sánchez','paolasanchez229@example.com','$2b$12$userhashplaceholder','+573020090282',1,'2025-10-16 17:02:50','2025-10-16 17:02:50'),(230,5,2,'65562483','Esteban','Martínez','estebanmartinez230@example.com','$2b$12$userhashplaceholder','+573002352520',1,'2025-10-16 17:02:50','2025-10-16 17:02:50'),(231,5,2,'75271369','Ana','Rojas','anarojas231@example.com','$2b$12$userhashplaceholder','+573124907162',1,'2025-10-16 17:02:50','2025-10-16 17:02:50'),(232,5,3,'50846277','Diana','Alvarez','dianaalvarez232@example.com','$2b$12$userhashplaceholder','+573067256125',1,'2025-10-16 17:02:50','2025-10-16 17:02:50'),(233,5,2,'46847217','Sara','Silva','sarasilva233@example.com','$2b$12$userhashplaceholder','+573011971875',1,'2025-10-16 17:02:50','2025-10-16 17:02:50'),(234,5,1,'34153875','Valentina','Ortiz','valentinaortiz234@example.com','$2b$12$userhashplaceholder','+573123139414',1,'2025-10-16 17:02:50','2025-10-16 17:02:50'),(235,5,3,'50922849','Felipe','Sánchez','felipesanchez235@example.com','$2b$12$userhashplaceholder','+573188818942',1,'2025-10-16 17:02:50','2025-10-16 17:02:50'),(236,5,3,'35862824','Diana','Rodríguez','dianarodriguez236@example.com','$2b$12$userhashplaceholder','+573005953131',1,'2025-10-16 17:02:50','2025-10-16 17:02:50'),(237,5,1,'82171621','Camila','Díaz','camiladiaz237@example.com','$2b$12$userhashplaceholder','+573155674731',1,'2025-10-16 17:02:50','2025-10-16 17:02:50'),(238,5,2,'87472253','Andrés','Díaz','andresdiaz238@example.com','$2b$12$userhashplaceholder','+573171925830',1,'2025-10-16 17:02:50','2025-10-16 17:02:50'),(239,5,1,'87452136','Daniela','Rodríguez','danielarodriguez239@example.com','$2b$12$userhashplaceholder','+573119054327',1,'2025-10-16 17:02:50','2025-10-16 17:02:50'),(240,5,2,'67699097','Alejandro','Morales','alejandromorales240@example.com','$2b$12$userhashplaceholder','+573017582143',1,'2025-10-16 17:02:50','2025-10-16 17:02:50'),(241,5,1,'70236102','Sofía','Ortiz','sofiaortiz241@example.com','$2b$12$userhashplaceholder','+573008388566',1,'2025-10-16 17:02:50','2025-10-16 17:02:50'),(242,5,2,'66673525','Diana','Hernández','dianahernandez242@example.com','$2b$12$userhashplaceholder','+573190776739',1,'2025-10-16 17:02:50','2025-10-16 17:02:50'),(243,5,1,'87023340','Andrés','Torres','andrestorres243@example.com','$2b$12$userhashplaceholder','+573172260156',1,'2025-10-16 17:02:50','2025-10-16 17:02:50'),(244,5,3,'87490779','Miguel','Díaz','migueldiaz244@example.com','$2b$12$userhashplaceholder','+573178110102',1,'2025-10-16 17:02:50','2025-10-16 17:02:50'),(245,5,1,'16515478','Luis','Vega','luisvega245@example.com','$2b$12$userhashplaceholder','+573118174556',1,'2025-10-16 17:02:50','2025-10-16 17:02:50'),(246,5,2,'30367266','Diego','Gómez','diegogomez246@example.com','$2b$12$userhashplaceholder','+573082651933',1,'2025-10-16 17:02:50','2025-10-16 17:02:50'),(247,5,1,'51404702','Diana','López','dianalopez247@example.com','$2b$12$userhashplaceholder','+573121306416',1,'2025-10-16 17:02:50','2025-10-16 17:02:50'),(248,5,NULL,'NULL','Paola','Sánchez','paolasanchez248@example.com','$2b$12$userhashplaceholder','+573051604997',1,'2025-10-16 17:02:50','2025-10-16 17:02:50'),(249,5,1,'38385575','Alejandro','Vega','alejandrovega249@example.com','$2b$12$userhashplaceholder','+573035380047',1,'2025-10-16 17:02:50','2025-10-16 17:02:50'),(250,5,2,'42490958','Laura','Castro','lauracastro250@example.com','$2b$12$userhashplaceholder','+573176051911',1,'2025-10-16 17:02:50','2025-10-16 17:02:50'),(251,5,2,'46651578','Andrea','Morales','andreamorales251@example.com','$2b$12$userhashplaceholder','+573196498833',1,'2025-10-16 17:02:50','2025-10-16 17:02:50'),(252,5,NULL,'NULL','Lorena','Ramírez','lorenaramirez252@example.com','$2b$12$userhashplaceholder','+573094250954',1,'2025-10-16 17:02:50','2025-10-16 17:02:50'),(253,5,1,'33069713','María','Pérez','mariaperez253@example.com','$2b$12$userhashplaceholder','+573159350474',1,'2025-10-16 17:02:50','2025-10-16 17:02:50'),(254,5,1,'48582766','Camila','Rojas','camilarojas254@example.com','$2b$12$userhashplaceholder','+573024660630',1,'2025-10-16 17:02:50','2025-10-16 17:02:50'),(255,5,NULL,'NULL','Andrés','Ortiz','andresortiz255@example.com','$2b$12$userhashplaceholder','+573176377763',1,'2025-10-16 17:02:50','2025-10-16 17:02:50'),(256,5,3,'95811454','Andrés','Vega','andresvega256@example.com','$2b$12$userhashplaceholder','+573132687681',1,'2025-10-16 17:02:50','2025-10-16 17:02:50'),(257,5,1,'76241569','Javier','García','javiergarcia257@example.com','$2b$12$userhashplaceholder','+573026305787',1,'2025-10-16 17:02:50','2025-10-16 17:02:50'),(258,5,1,'43402225','Andrés','Morales','andresmorales258@example.com','$2b$12$userhashplaceholder','+573051821569',1,'2025-10-16 17:02:50','2025-10-16 17:02:50'),(259,5,NULL,'NULL','Lucía','Ramírez','luciaramirez259@example.com','$2b$12$userhashplaceholder','+573029761540',1,'2025-10-16 17:02:50','2025-10-16 17:02:50'),(260,5,1,'70870715','Sara','Gómez','saragomez260@example.com','$2b$12$userhashplaceholder','+573134941303',1,'2025-10-16 17:02:50','2025-10-16 17:02:50'),(261,5,3,'63987017','Paola','Martínez','paolamartinez261@example.com','$2b$12$userhashplaceholder','+573100303954',1,'2025-10-16 17:02:50','2025-10-16 17:02:50'),(262,5,1,'98218825','Carlos','García','carlosgarcia262@example.com','$2b$12$userhashplaceholder','+573010483873',1,'2025-10-16 17:02:50','2025-10-16 17:02:50'),(263,5,2,'14699936','Ana','Alvarez','anaalvarez263@example.com','$2b$12$userhashplaceholder','+573142542192',1,'2025-10-16 17:02:50','2025-10-16 17:02:50'),(264,5,2,'42235464','Ana','Cruz','anacruz264@example.com','$2b$12$userhashplaceholder','+573007927574',1,'2025-10-16 17:02:50','2025-10-16 17:02:50'),(265,5,2,'51238177','Ana','Ortiz','anaortiz265@example.com','$2b$12$userhashplaceholder','+573102448701',1,'2025-10-16 17:02:50','2025-10-16 17:02:50'),(266,5,3,'12208113','Manuel','Ortiz','manuelortiz266@example.com','$2b$12$userhashplaceholder','+573182216384',1,'2025-10-16 17:02:50','2025-10-16 17:02:50'),(267,5,1,'98253954','Lucía','Sánchez','luciasanchez267@example.com','$2b$12$userhashplaceholder','+573076641532',1,'2025-10-16 17:02:50','2025-10-16 17:02:50'),(268,5,1,'96491710','Diego','Castro','diegocastro268@example.com','$2b$12$userhashplaceholder','+573091586944',1,'2025-10-16 17:02:50','2025-10-16 17:02:50'),(269,5,3,'30980141','Diego','Sánchez','diegosanchez269@example.com','$2b$12$userhashplaceholder','+573050189659',1,'2025-10-16 17:02:50','2025-10-16 17:02:50'),(270,5,1,'91546422','Luis','García','luisgarcia270@example.com','$2b$12$userhashplaceholder','+573163349151',1,'2025-10-16 17:02:50','2025-10-16 17:02:50'),(271,5,3,'70527657','Santiago','Medina','santiagomedina271@example.com','$2b$12$userhashplaceholder','+573185159919',1,'2025-10-16 17:02:50','2025-10-16 17:02:50'),(272,5,2,'65092134','Paola','Sánchez','paolasanchez272@example.com','$2b$12$userhashplaceholder','+573035610093',1,'2025-10-16 17:02:50','2025-10-16 17:02:50'),(273,5,2,'69292837','Diego','Silva','diegosilva273@example.com','$2b$12$userhashplaceholder','+573036810062',1,'2025-10-16 17:02:50','2025-10-16 17:02:50'),(274,5,2,'30109171','Luis','Gómez','luisgomez274@example.com','$2b$12$userhashplaceholder','+573141234569',1,'2025-10-16 17:02:50','2025-10-16 17:02:50'),(275,5,1,'87623517','Natalia','García','nataliagarcia275@example.com','$2b$12$userhashplaceholder','+573087212951',1,'2025-10-16 17:02:50','2025-10-16 17:02:50'),(276,5,1,'59958061','Lorena','Vega','lorenavega276@example.com','$2b$12$userhashplaceholder','+573050793460',1,'2025-10-16 17:02:50','2025-10-16 17:02:50'),(277,5,2,'60540544','Manuel','Rojas','manuelrojas277@example.com','$2b$12$userhashplaceholder','+573177587118',1,'2025-10-16 17:02:50','2025-10-16 17:02:50'),(278,5,3,'29264439','Sofía','Cruz','sofiacruz278@example.com','$2b$12$userhashplaceholder','+573073589389',1,'2025-10-16 17:02:50','2025-10-16 17:02:50'),(279,5,2,'86054717','Luis','Castro','luiscastro279@example.com','$2b$12$userhashplaceholder','+573039724589',1,'2025-10-16 17:02:50','2025-10-16 17:02:50'),(280,5,NULL,'NULL','Natalia','Rodríguez','nataliarodriguez280@example.com','$2b$12$userhashplaceholder','+573013171716',1,'2025-10-16 17:02:50','2025-10-16 17:02:50'),(281,5,2,'20306735','Paola','Pérez','paolaperez281@example.com','$2b$12$userhashplaceholder','+573171529013',1,'2025-10-16 17:02:50','2025-10-16 17:02:50'),(282,5,2,'36468132','Roberto','Vega','robertovega282@example.com','$2b$12$userhashplaceholder','+573064402475',1,'2025-10-16 17:02:50','2025-10-16 17:02:50'),(283,5,1,'20876046','Marcos','Cruz','marcoscruz283@example.com','$2b$12$userhashplaceholder','+573193839978',1,'2025-10-16 17:02:50','2025-10-16 17:02:50'),(284,5,1,'16634332','Natalia','Gómez','nataliagomez284@example.com','$2b$12$userhashplaceholder','+573174764346',1,'2025-10-16 17:02:50','2025-10-16 17:02:50'),(285,5,3,'28402312','Luis','Ortiz','luisortiz285@example.com','$2b$12$userhashplaceholder','+573160481874',1,'2025-10-16 17:02:50','2025-10-16 17:02:50'),(286,5,3,'36652085','Felipe','Martínez','felipemartinez286@example.com','$2b$12$userhashplaceholder','+573134577365',1,'2025-10-16 17:02:50','2025-10-16 17:02:50'),(287,5,1,'35400324','Luis','Silva','luissilva287@example.com','$2b$12$userhashplaceholder','+573038051585',1,'2025-10-16 17:02:50','2025-10-16 17:02:50'),(288,5,2,'48128499','Javier','Díaz','javierdiaz288@example.com','$2b$12$userhashplaceholder','+573116434068',1,'2025-10-16 17:02:50','2025-10-16 17:02:50'),(289,5,2,'33040131','Valentina','Vega','valentinavega289@example.com','$2b$12$userhashplaceholder','+573169108594',1,'2025-10-16 17:02:50','2025-10-16 17:02:50'),(290,5,3,'58006278','Andrés','Medina','andresmedina290@example.com','$2b$12$userhashplaceholder','+573076283668',1,'2025-10-16 17:02:50','2025-10-16 17:02:50'),(291,5,3,'64011545','Andrea','Díaz','andreadiaz291@example.com','$2b$12$userhashplaceholder','+573112068454',1,'2025-10-16 17:02:50','2025-10-16 17:02:50'),(292,5,3,'30155885','Miguel','Ortiz','miguelortiz292@example.com','$2b$12$userhashplaceholder','+573065168744',1,'2025-10-16 17:02:50','2025-10-16 17:02:50'),(293,5,1,'39245481','Javier','Alvarez','javieralvarez293@example.com','$2b$12$userhashplaceholder','+573106450564',1,'2025-10-16 17:02:50','2025-10-16 17:02:50'),(294,5,1,'77004091','Miguel','Hernández','miguelhernandez294@example.com','$2b$12$userhashplaceholder','+573187144231',1,'2025-10-16 17:02:50','2025-10-16 17:02:50'),(295,5,2,'59589934','Diana','Rojas','dianarojas295@example.com','$2b$12$userhashplaceholder','+573017080576',1,'2025-10-16 17:02:50','2025-10-16 17:02:50'),(296,5,NULL,'NULL','Luis','Rodríguez','luisrodriguez296@example.com','$2b$12$userhashplaceholder','+573123455941',1,'2025-10-16 17:02:50','2025-10-16 17:02:50'),(297,5,2,'48027271','Felipe','Hernández','felipehernandez297@example.com','$2b$12$userhashplaceholder','+573140332518',1,'2025-10-16 17:02:50','2025-10-16 17:02:50'),(298,5,3,'59956660','Sara','Sánchez','sarasanchez298@example.com','$2b$12$userhashplaceholder','+573093449285',1,'2025-10-16 17:02:50','2025-10-16 17:02:50'),(299,5,1,'31707733','Miguel','Castro','miguelcastro299@example.com','$2b$12$userhashplaceholder','+573064474144',1,'2025-10-16 17:02:50','2025-10-16 17:02:50'),(300,5,2,'37892143','Laura','Ortiz','lauraortiz300@example.com','$2b$12$userhashplaceholder','+573175038417',1,'2025-10-16 17:02:50','2025-10-16 17:02:50');
/*!40000 ALTER TABLE `users` ENABLE KEYS */;
UNLOCK TABLES;
/*!40103 SET TIME_ZONE=@OLD_TIME_ZONE */;

/*!40101 SET SQL_MODE=@OLD_SQL_MODE */;
/*!40014 SET FOREIGN_KEY_CHECKS=@OLD_FOREIGN_KEY_CHECKS */;
/*!40014 SET UNIQUE_CHECKS=@OLD_UNIQUE_CHECKS */;
/*!40101 SET CHARACTER_SET_CLIENT=@OLD_CHARACTER_SET_CLIENT */;
/*!40101 SET CHARACTER_SET_RESULTS=@OLD_CHARACTER_SET_RESULTS */;
/*!40101 SET COLLATION_CONNECTION=@OLD_COLLATION_CONNECTION */;
/*!40111 SET SQL_NOTES=@OLD_SQL_NOTES */;

-- Dump completed on 2025-10-16 18:04:50
